-- Script de migration Neon FINAL v11 (CAST SAFE) - 2026-04-16 1:27:20 PM
BEGIN;
SET CONSTRAINTS ALL DEFERRED;
INSERT INTO "Departements" ("Id", "Nom") VALUES (1, 'Mathématiques');
INSERT INTO "Departements" ("Id", "Nom") VALUES (2, 'Informatique');
INSERT INTO "Departements" ("Id", "Nom") VALUES (3, 'Physique');
INSERT INTO "Departements" ("Id", "Nom") VALUES (4, 'Lettres');
INSERT INTO "Utilisateurs" ("Id", "Nom", "Email", "DateCreation", "Role", "DepartementId", "Disponibilite", "MotDePasseHash", "MotDePasseSalt", "QuestionSecurite", "ReponseSecuriteSalt", "ReponseSecuriteHash", "EstMotDePasseProvisoire", "FailedLoginAttempts", "LockoutUntil", "TwoFactorEnabled") VALUES (18, 'Jean Martin', 'admin.jean@gestionhoraire.com', '2026-01-26T18:51:18.2200000', 'Administrateur', 1,0::boolean, '\\x1151592AD4560E1E4606111B40369FF8DB439B897C667DE0EB02D9C9D4F401C8', 'b991f89f-1257-4706-aaeb-79a8ea40c93b', NULL, NULL, NULL,0::boolean, 0, NULL, 0::boolean);
INSERT INTO "Utilisateurs" ("Id", "Nom", "Email", "DateCreation", "Role", "DepartementId", "Disponibilite", "MotDePasseHash", "MotDePasseSalt", "QuestionSecurite", "ReponseSecuriteSalt", "ReponseSecuriteHash", "EstMotDePasseProvisoire", "FailedLoginAttempts", "LockoutUntil", "TwoFactorEnabled") VALUES (19, 'Marie Dubois', 'admin.marie@gestionhoraire.com', '2026-01-26T18:51:18.2200000', 'Administrateur', 1,0::boolean, '\\x1151592AD4560E1E4606111B40369FF8DB439B897C667DE0EB02D9C9D4F401C8', 'b991f89f-1257-4706-aaeb-79a8ea40c93b', NULL, NULL, NULL,0::boolean, 0, NULL, 0::boolean);
INSERT INTO "Utilisateurs" ("Id", "Nom", "Email", "DateCreation", "Role", "DepartementId", "Disponibilite", "MotDePasseHash", "MotDePasseSalt", "QuestionSecurite", "ReponseSecuriteSalt", "ReponseSecuriteHash", "EstMotDePasseProvisoire", "FailedLoginAttempts", "LockoutUntil", "TwoFactorEnabled") VALUES (20, 'Paul Lambert', 'admin.paul@gestionhoraire.com', '2026-01-26T18:51:18.2200000', 'Administrateur', 1,0::boolean, '\\x1151592AD4560E1E4606111B40369FF8DB439B897C667DE0EB02D9C9D4F401C8', 'b991f89f-1257-4706-aaeb-79a8ea40c93b', NULL, NULL, NULL,0::boolean, 0, NULL, 0::boolean);
INSERT INTO "Utilisateurs" ("Id", "Nom", "Email", "DateCreation", "Role", "DepartementId", "Disponibilite", "MotDePasseHash", "MotDePasseSalt", "QuestionSecurite", "ReponseSecuriteSalt", "ReponseSecuriteHash", "EstMotDePasseProvisoire", "FailedLoginAttempts", "LockoutUntil", "TwoFactorEnabled") VALUES (21, 'Sophie Bernard', 'resp.maths@gestionhoraire.com', '2026-01-26T18:51:25.5666667', 'ResponsableDépartement', 1,0::boolean, '\\x282756C9D2BB9148AF4F608EC39A0DFE4700DC1D955EF24A9725F079172B4D8E', 'ec69b560-85d8-40cf-acf2-1d32871166c3', NULL, NULL, NULL,0::boolean, 0, NULL, 0::boolean);
INSERT INTO "Utilisateurs" ("Id", "Nom", "Email", "DateCreation", "Role", "DepartementId", "Disponibilite", "MotDePasseHash", "MotDePasseSalt", "QuestionSecurite", "ReponseSecuriteSalt", "ReponseSecuriteHash", "EstMotDePasseProvisoire", "FailedLoginAttempts", "LockoutUntil", "TwoFactorEnabled") VALUES (22, 'Luc Moreau', 'resp.info@gestionhoraire.com', '2026-01-26T18:51:25.5666667', 'ResponsableDépartement', 2,0::boolean, '\\x282756C9D2BB9148AF4F608EC39A0DFE4700DC1D955EF24A9725F079172B4D8E', 'ec69b560-85d8-40cf-acf2-1d32871166c3', NULL, NULL, NULL,0::boolean, 0, NULL, 0::boolean);
INSERT INTO "Utilisateurs" ("Id", "Nom", "Email", "DateCreation", "Role", "DepartementId", "Disponibilite", "MotDePasseHash", "MotDePasseSalt", "QuestionSecurite", "ReponseSecuriteSalt", "ReponseSecuriteHash", "EstMotDePasseProvisoire", "FailedLoginAttempts", "LockoutUntil", "TwoFactorEnabled") VALUES (23, 'Claire Roux', 'resp.physique@gestionhoraire.com', '2026-01-26T18:51:25.5666667', 'ResponsableDépartement', 3,0::boolean, '\\x282756C9D2BB9148AF4F608EC39A0DFE4700DC1D955EF24A9725F079172B4D8E', 'ec69b560-85d8-40cf-acf2-1d32871166c3', NULL, NULL, NULL,0::boolean, 0, NULL, 0::boolean);
INSERT INTO "Utilisateurs" ("Id", "Nom", "Email", "DateCreation", "Role", "DepartementId", "Disponibilite", "MotDePasseHash", "MotDePasseSalt", "QuestionSecurite", "ReponseSecuriteSalt", "ReponseSecuriteHash", "EstMotDePasseProvisoire", "FailedLoginAttempts", "LockoutUntil", "TwoFactorEnabled") VALUES (24, 'Thomas Girard', 'resp.lettres@gestionhoraire.com', '2026-01-26T18:51:25.5666667', 'ResponsableDépartement', 4,0::boolean, '\\x282756C9D2BB9148AF4F608EC39A0DFE4700DC1D955EF24A9725F079172B4D8E', 'ec69b560-85d8-40cf-acf2-1d32871166c3', NULL, NULL, NULL,0::boolean, 0, NULL, 0::boolean);
INSERT INTO "Utilisateurs" ("Id", "Nom", "Email", "DateCreation", "Role", "DepartementId", "Disponibilite", "MotDePasseHash", "MotDePasseSalt", "QuestionSecurite", "ReponseSecuriteSalt", "ReponseSecuriteHash", "EstMotDePasseProvisoire", "FailedLoginAttempts", "LockoutUntil", "TwoFactorEnabled") VALUES (25, 'Pierre Lefèvre', 'prof.maths1@gestionhoraire.com', '2026-01-26T18:51:25.5766667', 'Professeur', 1,0::boolean, '\\xC14DD9EC90C8F20BA2346CDA8BB916F6A896F41F493684ABAF27BCEF18A37D9A', 'f25510a2-9004-47b0-8105-cb0e72483165', NULL, NULL, NULL,0::boolean, 0, NULL, 0::boolean);
INSERT INTO "Utilisateurs" ("Id", "Nom", "Email", "DateCreation", "Role", "DepartementId", "Disponibilite", "MotDePasseHash", "MotDePasseSalt", "QuestionSecurite", "ReponseSecuriteSalt", "ReponseSecuriteHash", "EstMotDePasseProvisoire", "FailedLoginAttempts", "LockoutUntil", "TwoFactorEnabled") VALUES (26, 'Anne Laurent', 'prof.maths2@gestionhoraire.com', '2026-01-26T18:51:25.5766667', 'Professeur', 1,0::boolean, '\\xA608563DBDC62678F362FE6F50DD6B6F4BDE02D788F758FC7579445BEA18D3A6', '2bf81ab7-cb02-469c-85d5-5c3547d40078', NULL, NULL, NULL,0::boolean, 0, NULL, 0::boolean);
INSERT INTO "Utilisateurs" ("Id", "Nom", "Email", "DateCreation", "Role", "DepartementId", "Disponibilite", "MotDePasseHash", "MotDePasseSalt", "QuestionSecurite", "ReponseSecuriteSalt", "ReponseSecuriteHash", "EstMotDePasseProvisoire", "FailedLoginAttempts", "LockoutUntil", "TwoFactorEnabled") VALUES (27, 'Michel Pages', 'prof.maths3@gestionhoraire.com', '2026-01-26T18:51:25.5766667', 'Professeur', 1,0::boolean, '\\x5C3E4F87236F0C9870F9B165719D13505C852F01CBB2C1B0CD1EA4E6BB15A2EB', '6c71ad1c-0007-4c4b-a473-5082957914ec', NULL, NULL, NULL,0::boolean, 0, NULL, 0::boolean);
INSERT INTO "Utilisateurs" ("Id", "Nom", "Email", "DateCreation", "Role", "DepartementId", "Disponibilite", "MotDePasseHash", "MotDePasseSalt", "QuestionSecurite", "ReponseSecuriteSalt", "ReponseSecuriteHash", "EstMotDePasseProvisoire", "FailedLoginAttempts", "LockoutUntil", "TwoFactorEnabled") VALUES (28, 'Julie Simon', 'prof.maths4@gestionhoraire.com', '2026-01-26T18:51:25.5766667', 'Professeur', 1,0::boolean, '\\xE31CBB9EBA8C846AFCF2A0B5A988DA10E1121D8144361DBF695BFED36F2F1C6C', '389f093d-1aa4-4bfa-941a-ee00866286b0', NULL, NULL, NULL,0::boolean, 0, NULL, 0::boolean);
INSERT INTO "Utilisateurs" ("Id", "Nom", "Email", "DateCreation", "Role", "DepartementId", "Disponibilite", "MotDePasseHash", "MotDePasseSalt", "QuestionSecurite", "ReponseSecuriteSalt", "ReponseSecuriteHash", "EstMotDePasseProvisoire", "FailedLoginAttempts", "LockoutUntil", "TwoFactorEnabled") VALUES (29, 'David Garnier', 'prof.maths5@gestionhoraire.com', '2026-01-26T18:51:25.5766667', 'Professeur', 1,0::boolean, '\\x7E4C77764659BC2E7B7844FCFA484DCB25D82ADB2695C659B67AB4B587098197', '8071c9ed-529a-4a38-9b8b-490efced53a6', NULL, NULL, NULL,0::boolean, 0, NULL, 0::boolean);
INSERT INTO "Utilisateurs" ("Id", "Nom", "Email", "DateCreation", "Role", "DepartementId", "Disponibilite", "MotDePasseHash", "MotDePasseSalt", "QuestionSecurite", "ReponseSecuriteSalt", "ReponseSecuriteHash", "EstMotDePasseProvisoire", "FailedLoginAttempts", "LockoutUntil", "TwoFactorEnabled") VALUES (30, 'Nathalie Blanc', 'prof.maths6@gestionhoraire.com', '2026-01-26T18:51:25.5766667', 'Professeur', 1,0::boolean, '\\x91CACB7DA75FC145992813E990BD01B33B345B1D21AB20E2629BA35B45AB570D', 'c1f4bf31-5af3-4108-9f8a-3887e65550d9', NULL, NULL, NULL,0::boolean, 0, NULL, 0::boolean);
INSERT INTO "Utilisateurs" ("Id", "Nom", "Email", "DateCreation", "Role", "DepartementId", "Disponibilite", "MotDePasseHash", "MotDePasseSalt", "QuestionSecurite", "ReponseSecuriteSalt", "ReponseSecuriteHash", "EstMotDePasseProvisoire", "FailedLoginAttempts", "LockoutUntil", "TwoFactorEnabled") VALUES (31, 'Olivier Roche', 'prof.maths7@gestionhoraire.com', '2026-01-26T18:51:25.5766667', 'Professeur', 1,0::boolean, '\\xA2ADAD7F3FC6E7DEE2DF1928F74FFF4E63013798BBF6DCE34888FF5296F3D03A', 'c15311ac-0988-4ef0-b19a-e34540d00c0e', NULL, NULL, NULL,0::boolean, 0, NULL, 0::boolean);
INSERT INTO "Utilisateurs" ("Id", "Nom", "Email", "DateCreation", "Role", "DepartementId", "Disponibilite", "MotDePasseHash", "MotDePasseSalt", "QuestionSecurite", "ReponseSecuriteSalt", "ReponseSecuriteHash", "EstMotDePasseProvisoire", "FailedLoginAttempts", "LockoutUntil", "TwoFactorEnabled") VALUES (32, 'Marc Vidale', 'prof.infos1@gestionhoraire.com', '2026-01-26T18:51:25.5766667', 'Professeur', 2,0::boolean, '\\xF3F87FF7B97DA514C29A352F936FE6D2A1534268159DAE6B0896063D2ECE8411', 'a342cac8-9114-435b-b809-3c5aba317802', NULL, NULL, NULL,0::boolean, 0, NULL, 0::boolean);
INSERT INTO "Utilisateurs" ("Id", "Nom", "Email", "DateCreation", "Role", "DepartementId", "Disponibilite", "MotDePasseHash", "MotDePasseSalt", "QuestionSecurite", "ReponseSecuriteSalt", "ReponseSecuriteHash", "EstMotDePasseProvisoire", "FailedLoginAttempts", "LockoutUntil", "TwoFactorEnabled") VALUES (33, 'Isabelle Perrin', 'prof.info2@gestionhoraire.com', '2026-01-26T18:51:25.5766667', 'Professeur', 2,0::boolean, '\\x8E1AFC95E165F9D0833A468E82B6CB4DECABD8227ADAC5F49F1190C7B5B6F699', '2bf4922d-b552-4832-bf6f-9e13dfe2de11', NULL, NULL, NULL,0::boolean, 0, NULL, 0::boolean);
INSERT INTO "Utilisateurs" ("Id", "Nom", "Email", "DateCreation", "Role", "DepartementId", "Disponibilite", "MotDePasseHash", "MotDePasseSalt", "QuestionSecurite", "ReponseSecuriteSalt", "ReponseSecuriteHash", "EstMotDePasseProvisoire", "FailedLoginAttempts", "LockoutUntil", "TwoFactorEnabled") VALUES (34, 'François Lemoine', 'prof.info3@gestionhoraire.com', '2026-01-26T18:51:25.5766667', 'Professeur', 2,0::boolean, '\\x07E482D49B0BD4DA9B59472EF5B3C1DF22B171231B10B29746B0BD72E69A58FA', 'f5c17bdc-5d0e-4f59-afef-6ae36de333e8', NULL, NULL, NULL,0::boolean, 0, NULL, 0::boolean);
INSERT INTO "Utilisateurs" ("Id", "Nom", "Email", "DateCreation", "Role", "DepartementId", "Disponibilite", "MotDePasseHash", "MotDePasseSalt", "QuestionSecurite", "ReponseSecuriteSalt", "ReponseSecuriteHash", "EstMotDePasseProvisoire", "FailedLoginAttempts", "LockoutUntil", "TwoFactorEnabled") VALUES (35, 'Valérie Boyer', 'prof.info4@gestionhoraire.com', '2026-01-26T18:51:25.5766667', 'Professeur', 2,0::boolean, '\\x2CD757A72D67AC5E14EF1F8F868361AD4E84B31E28D1999B9194B0D69C3A6252', '7cea1cd0-8f7a-4760-9c3f-c86e8f630a1e', NULL, NULL, NULL,0::boolean, 0, NULL, 0::boolean);
INSERT INTO "Utilisateurs" ("Id", "Nom", "Email", "DateCreation", "Role", "DepartementId", "Disponibilite", "MotDePasseHash", "MotDePasseSalt", "QuestionSecurite", "ReponseSecuriteSalt", "ReponseSecuriteHash", "EstMotDePasseProvisoire", "FailedLoginAttempts", "LockoutUntil", "TwoFactorEnabled") VALUES (36, 'Nicolas André', 'prof.info5@gestionhoraire.com', '2026-01-26T18:51:25.5766667', 'Professeur', 2,0::boolean, '\\x4C78974081E116574B9EB068687D680A5D84C02CA21E38B48AFB1C958113140B', '07c1ef94-741c-4de6-8e13-149028b2ac11', NULL, NULL, NULL,0::boolean, 0, NULL, 0::boolean);
INSERT INTO "Utilisateurs" ("Id", "Nom", "Email", "DateCreation", "Role", "DepartementId", "Disponibilite", "MotDePasseHash", "MotDePasseSalt", "QuestionSecurite", "ReponseSecuriteSalt", "ReponseSecuriteHash", "EstMotDePasseProvisoire", "FailedLoginAttempts", "LockoutUntil", "TwoFactorEnabled") VALUES (37, 'Sandrine Faure', 'prof.info6@gestionhoraire.com', '2026-01-26T18:51:25.5766667', 'Professeur', 2,0::boolean, '\\x4A4529CD4B53E2B4E7C55FF52EBA309E7FE40F846CDAAFB21DA69E98BDFBA8C5', 'd8c4fede-7106-47af-81a0-4763f1fc8ddc', NULL, NULL, NULL,0::boolean, 0, NULL, 0::boolean);
INSERT INTO "Utilisateurs" ("Id", "Nom", "Email", "DateCreation", "Role", "DepartementId", "Disponibilite", "MotDePasseHash", "MotDePasseSalt", "QuestionSecurite", "ReponseSecuriteSalt", "ReponseSecuriteHash", "EstMotDePasseProvisoire", "FailedLoginAttempts", "LockoutUntil", "TwoFactorEnabled") VALUES (38, 'Philippe Joly', 'prof.info7@gestionhoraire.com', '2026-01-26T18:51:25.5766667', 'Professeur', 2,0::boolean, '\\xFECACF958A62B044FDFBF082BA00F60823C827A93F4B60C9DD1A1C396ABF64EF', '6c1d6661-3ecf-4ba7-875b-c87fdc710a4b', NULL, NULL, NULL,0::boolean, 0, NULL, 0::boolean);
INSERT INTO "Utilisateurs" ("Id", "Nom", "Email", "DateCreation", "Role", "DepartementId", "Disponibilite", "MotDePasseHash", "MotDePasseSalt", "QuestionSecurite", "ReponseSecuriteSalt", "ReponseSecuriteHash", "EstMotDePasseProvisoire", "FailedLoginAttempts", "LockoutUntil", "TwoFactorEnabled") VALUES (39, 'Éric Delorme', 'prof.phys1@gestionhoraire.com', '2026-01-26T18:51:25.5766667', 'Professeur', 3,0::boolean, '\\xB08B6DD2484AF6DD0709A8604CDDF97CA4DDB818802A0B0903B86D3B19C8BB44', '939e6e5f-ab60-4101-a59c-2bb53d97cb2b', NULL, NULL, NULL,0::boolean, 0, NULL, 0::boolean);
INSERT INTO "Utilisateurs" ("Id", "Nom", "Email", "DateCreation", "Role", "DepartementId", "Disponibilite", "MotDePasseHash", "MotDePasseSalt", "QuestionSecurite", "ReponseSecuriteSalt", "ReponseSecuriteHash", "EstMotDePasseProvisoire", "FailedLoginAttempts", "LockoutUntil", "TwoFactorEnabled") VALUES (40, 'Catherine Meyer', 'prof.phys2@gestionhoraire.com', '2026-01-26T18:51:25.5766667', 'Professeur', 3,0::boolean, '\\xFEF27FAE7B4F47721EE5DD17ECF6ACE370D169B21EB800CF8CE6C1AE585808B7', 'b9bbe14d-78e6-4203-8c23-cd1cdc317dc6', NULL, NULL, NULL,0::boolean, 0, NULL, 0::boolean);
INSERT INTO "Utilisateurs" ("Id", "Nom", "Email", "DateCreation", "Role", "DepartementId", "Disponibilite", "MotDePasseHash", "MotDePasseSalt", "QuestionSecurite", "ReponseSecuriteSalt", "ReponseSecuriteHash", "EstMotDePasseProvisoire", "FailedLoginAttempts", "LockoutUntil", "TwoFactorEnabled") VALUES (41, 'Alain Petit', 'prof.phys3@gestionhoraire.com', '2026-01-26T18:51:25.5766667', 'Professeur', 3,0::boolean, '\\x8614506BEFFEBC462431C6F0638B564FF3F85EE0D06CE3993B77441DB5B6866B', '45919422-06c0-4e18-9f1e-1959bb5ed0f7', NULL, NULL, NULL,0::boolean, 0, NULL, 0::boolean);
INSERT INTO "Utilisateurs" ("Id", "Nom", "Email", "DateCreation", "Role", "DepartementId", "Disponibilite", "MotDePasseHash", "MotDePasseSalt", "QuestionSecurite", "ReponseSecuriteSalt", "ReponseSecuriteHash", "EstMotDePasseProvisoire", "FailedLoginAttempts", "LockoutUntil", "TwoFactorEnabled") VALUES (42, 'Bénédicte Leroy', 'prof.phys4@gestionhoraire.com', '2026-01-26T18:51:25.5766667', 'Professeur', 3,0::boolean, '\\x653B1925FA9A7370B07D2647036120DEDEECF4562A0C1D8703EE4101767EA690', '66f2cbbd-2124-4728-a3f3-4e8a8603c302', NULL, NULL, NULL,0::boolean, 0, NULL, 0::boolean);
INSERT INTO "Utilisateurs" ("Id", "Nom", "Email", "DateCreation", "Role", "DepartementId", "Disponibilite", "MotDePasseHash", "MotDePasseSalt", "QuestionSecurite", "ReponseSecuriteSalt", "ReponseSecuriteHash", "EstMotDePasseProvisoire", "FailedLoginAttempts", "LockoutUntil", "TwoFactorEnabled") VALUES (43, 'Stéphane Brun', 'prof.phys5@gestionhoraire.com', '2026-01-26T18:51:25.5766667', 'Professeur', 3,0::boolean, '\\xE198C5ADBC5C15D95D797E1E16FBC1D39E0E8A651C0E83FB63F9B301EDCC9873', 'e4f5c28c-0709-4237-acec-85cfd368a7eb', NULL, NULL, NULL,0::boolean, 0, NULL, 0::boolean);
INSERT INTO "Utilisateurs" ("Id", "Nom", "Email", "DateCreation", "Role", "DepartementId", "Disponibilite", "MotDePasseHash", "MotDePasseSalt", "QuestionSecurite", "ReponseSecuriteSalt", "ReponseSecuriteHash", "EstMotDePasseProvisoire", "FailedLoginAttempts", "LockoutUntil", "TwoFactorEnabled") VALUES (44, 'Monique Vasseur', 'prof.phys6@gestionhoraire.com', '2026-01-26T18:51:25.5766667', 'Professeur', 3,0::boolean, '\\x613B66C0914533FC4ACB2C3B831EBE344032BB97E898AEB5117D537F10BE4366', '063123f0-100f-40c8-bcbb-02454259bfb4', NULL, NULL, NULL,0::boolean, 0, NULL, 0::boolean);
INSERT INTO "Utilisateurs" ("Id", "Nom", "Email", "DateCreation", "Role", "DepartementId", "Disponibilite", "MotDePasseHash", "MotDePasseSalt", "QuestionSecurite", "ReponseSecuriteSalt", "ReponseSecuriteHash", "EstMotDePasseProvisoire", "FailedLoginAttempts", "LockoutUntil", "TwoFactorEnabled") VALUES (45, 'Gilles Marchal', 'prof.phys7@gestionhoraire.com', '2026-01-26T18:51:25.5766667', 'Professeur', 3,0::boolean, '\\x4A2015FE5510B96638BC5483CFE9568D9C6DF26DADFC364F537BCCD5F1ED5249', '845afdfb-e05d-4782-b4d5-b9c5338795c3', NULL, NULL, NULL,0::boolean, 0, NULL, 0::boolean);
INSERT INTO "Utilisateurs" ("Id", "Nom", "Email", "DateCreation", "Role", "DepartementId", "Disponibilite", "MotDePasseHash", "MotDePasseSalt", "QuestionSecurite", "ReponseSecuriteSalt", "ReponseSecuriteHash", "EstMotDePasseProvisoire", "FailedLoginAttempts", "LockoutUntil", "TwoFactorEnabled") VALUES (46, 'Hélène Fourier', 'prof.lettres1@gestionhoraire.com', '2026-01-26T18:51:25.5766667', 'Professeur', 4,0::boolean, '\\x3243419DDC8304EB4213E898DEEBAAA829E29230300C834E126A99E8ADC96C60', 'f653029c-7e3d-4e90-8bd6-2cc1edb4bcbe', NULL, NULL, NULL,0::boolean, 0, NULL, 0::boolean);
INSERT INTO "Utilisateurs" ("Id", "Nom", "Email", "DateCreation", "Role", "DepartementId", "Disponibilite", "MotDePasseHash", "MotDePasseSalt", "QuestionSecurite", "ReponseSecuriteSalt", "ReponseSecuriteHash", "EstMotDePasseProvisoire", "FailedLoginAttempts", "LockoutUntil", "TwoFactorEnabled") VALUES (47, 'Dominique Soyer', 'prof.lettres2@gestionhoraire.com', '2026-01-26T18:51:25.5766667', 'Professeur', 4,0::boolean, '\\xA12BA14F409B130D84A51BD1525BB30689AEB7AB7F25304EA60BC9130E050AEC', 'f7e75d1d-f638-4f33-972c-956abda567a4', NULL, NULL, NULL,0::boolean, 0, NULL, 0::boolean);
INSERT INTO "Utilisateurs" ("Id", "Nom", "Email", "DateCreation", "Role", "DepartementId", "Disponibilite", "MotDePasseHash", "MotDePasseSalt", "QuestionSecurite", "ReponseSecuriteSalt", "ReponseSecuriteHash", "EstMotDePasseProvisoire", "FailedLoginAttempts", "LockoutUntil", "TwoFactorEnabled") VALUES (48, 'Patricia Leduc', 'prof.lettres3@gestionhoraire.com', '2026-01-26T18:51:25.5766667', 'Professeur', 4,0::boolean, '\\xB9E9150D27068BF2932F682876C5F75F49A2EC546C54A4041E1ADEDA65A8FD5F', '77f99a85-bf6b-4b50-a6e1-8c8b74f54e7f', NULL, NULL, NULL,0::boolean, 0, NULL, 0::boolean);
INSERT INTO "Utilisateurs" ("Id", "Nom", "Email", "DateCreation", "Role", "DepartementId", "Disponibilite", "MotDePasseHash", "MotDePasseSalt", "QuestionSecurite", "ReponseSecuriteSalt", "ReponseSecuriteHash", "EstMotDePasseProvisoire", "FailedLoginAttempts", "LockoutUntil", "TwoFactorEnabled") VALUES (49, 'René Duval', 'prof.lettres4@gestionhoraire.com', '2026-01-26T18:51:25.5766667', 'Professeur', 4,0::boolean, '\\x37A5CEEE718C47A6E800AE5611FAFEEE750891CC7242B8B9B0FA2BF97498D4CD', '1236fa0c-546c-4b6b-8234-37691676bf4d', NULL, NULL, NULL,0::boolean, 0, NULL, 0::boolean);
INSERT INTO "Utilisateurs" ("Id", "Nom", "Email", "DateCreation", "Role", "DepartementId", "Disponibilite", "MotDePasseHash", "MotDePasseSalt", "QuestionSecurite", "ReponseSecuriteSalt", "ReponseSecuriteHash", "EstMotDePasseProvisoire", "FailedLoginAttempts", "LockoutUntil", "TwoFactorEnabled") VALUES (50, 'Sylvie Morand', 'prof.lettres5@gestionhoraire.com', '2026-01-26T18:51:25.5766667', 'Professeur', 4,0::boolean, '\\x7105A488E8E464399E86AAE3808721D9056AD76C53D79FD085B2BF7E5DF92DB8', 'c14349a0-e07e-4411-86e1-39d4e0c8a16c', NULL, NULL, NULL,0::boolean, 0, NULL, 0::boolean);
INSERT INTO "Utilisateurs" ("Id", "Nom", "Email", "DateCreation", "Role", "DepartementId", "Disponibilite", "MotDePasseHash", "MotDePasseSalt", "QuestionSecurite", "ReponseSecuriteSalt", "ReponseSecuriteHash", "EstMotDePasseProvisoire", "FailedLoginAttempts", "LockoutUntil", "TwoFactorEnabled") VALUES (51, 'Antoine Picard', 'prof.lettres6@gestionhoraire.com', '2026-01-26T18:51:25.5766667', 'Professeur', 4,0::boolean, '\\x1699FE90B1957F05D00F9B43250377C630BD0B2F0EE7CC4D0EA713A35791A7F8', '890aeae2-43c4-4f3c-9d7c-07b4fc0ec5d6', NULL, NULL, NULL,0::boolean, 0, NULL, 0::boolean);
INSERT INTO "Utilisateurs" ("Id", "Nom", "Email", "DateCreation", "Role", "DepartementId", "Disponibilite", "MotDePasseHash", "MotDePasseSalt", "QuestionSecurite", "ReponseSecuriteSalt", "ReponseSecuriteHash", "EstMotDePasseProvisoire", "FailedLoginAttempts", "LockoutUntil", "TwoFactorEnabled") VALUES (52, 'Florence Raynaud', 'prof.lettres7@gestionhoraire.com', '2026-01-26T18:51:25.5766667', 'Professeur', 4,0::boolean, '\\x998E3EFDF46A4FF5446300DBB624505ED71C36336218F8A9BAAE8FCE921A35D8', '58380048-99b9-47f8-b63f-57d589d9fe2a', NULL, NULL, NULL,0::boolean, 0, NULL, 0::boolean);
INSERT INTO "Utilisateurs" ("Id", "Nom", "Email", "DateCreation", "Role", "DepartementId", "Disponibilite", "MotDePasseHash", "MotDePasseSalt", "QuestionSecurite", "ReponseSecuriteSalt", "ReponseSecuriteHash", "EstMotDePasseProvisoire", "FailedLoginAttempts", "LockoutUntil", "TwoFactorEnabled") VALUES (59, 'hmed saint', 'hi@gmail.com', '2026-02-09T21:08:05.9834706', 'Professeur', 2,1::boolean, '\\x1F44FCABC0E730C9970AD9F72FAEB9AF8A9EB141B28713B083B807CA20E11752', '82424e7a-e694-46d2-9ca4-aac50b153a2f', NULL, NULL, NULL,0::boolean, 0, NULL, 0::boolean);
INSERT INTO "Utilisateurs" ("Id", "Nom", "Email", "DateCreation", "Role", "DepartementId", "Disponibilite", "MotDePasseHash", "MotDePasseSalt", "QuestionSecurite", "ReponseSecuriteSalt", "ReponseSecuriteHash", "EstMotDePasseProvisoire", "FailedLoginAttempts", "LockoutUntil", "TwoFactorEnabled") VALUES (60, 'saint ', '2730@gmail.com', '2026-02-10T15:12:40.1929584', 'Professeur', 2,1::boolean, '\\x2189CEFB479081E3DF72D14A54FEECFA426B12543DA3B78D5379CAA553EDA100', '2139dcea-8a67-42ae-84c5-213da078aef3', NULL, NULL, NULL,0::boolean, 0, NULL, 0::boolean);
INSERT INTO "Utilisateurs" ("Id", "Nom", "Email", "DateCreation", "Role", "DepartementId", "Disponibilite", "MotDePasseHash", "MotDePasseSalt", "QuestionSecurite", "ReponseSecuriteSalt", "ReponseSecuriteHash", "EstMotDePasseProvisoire", "FailedLoginAttempts", "LockoutUntil", "TwoFactorEnabled") VALUES (61, 'Super Admin', 'admin@example.com', '2026-04-05T23:13:34.5075152', 'Administrateur', NULL,0::boolean, '\\xEEC53A4DDEFC2B93652331DDE6DFADBD5E8EED52ED056F53B54F82F90E902F2A', 'b92b01c1-8901-450a-abf5-8667c2fee481', NULL, NULL, NULL,0::boolean, 0, NULL, 0::boolean);
INSERT INTO "Utilisateurs" ("Id", "Nom", "Email", "DateCreation", "Role", "DepartementId", "Disponibilite", "MotDePasseHash", "MotDePasseSalt", "QuestionSecurite", "ReponseSecuriteSalt", "ReponseSecuriteHash", "EstMotDePasseProvisoire", "FailedLoginAttempts", "LockoutUntil", "TwoFactorEnabled") VALUES (62, 'fouad', 'fouad.aldja2023@gmail.com', '2026-04-07T14:27:12.5821891', 'Professeur', 1,0::boolean, '\\xBF516311289C55FAED910C87C97CFFCE666F5A27B2D2C8C203510F7504EF28AF', '596b1e1c-996f-45e7-8f33-eba264007fb5', 'Dans quelle ville es-tu née ?', 'a2e955c5-1b86-4b0e-a181-5d417ed0a9c1', '\\x2CA6D31BB6F476E80925F3821F929A9B69EABA3AF74515AAA31353ACAB0EF4A3',0::boolean, 0, NULL, 0::boolean);
INSERT INTO "Groupes" ("Id", "Nom", "Niveau", "Effectif", "DepartementId") VALUES (1, 'Informatique G1', 'L1', 28, 2);
INSERT INTO "Groupes" ("Id", "Nom", "Niveau", "Effectif", "DepartementId") VALUES (2, 'Informatique G2', 'L2', 30, 2);
INSERT INTO "Groupes" ("Id", "Nom", "Niveau", "Effectif", "DepartementId") VALUES (3, 'Informatique G3', 'Licence 3', 35, 2);
INSERT INTO "Groupes" ("Id", "Nom", "Niveau", "Effectif", "DepartementId") VALUES (4, 'Informatique G4', 'Master 1', 28, 2);
INSERT INTO "Groupes" ("Id", "Nom", "Niveau", "Effectif", "DepartementId") VALUES (5, 'Maths G1', 'Licence 1', 26, 1);
INSERT INTO "Groupes" ("Id", "Nom", "Niveau", "Effectif", "DepartementId") VALUES (6, 'Maths G2', 'Licence 2', 31, 1);
INSERT INTO "Groupes" ("Id", "Nom", "Niveau", "Effectif", "DepartementId") VALUES (7, 'Maths G3', 'Licence 3', 33, 1);
INSERT INTO "Groupes" ("Id", "Nom", "Niveau", "Effectif", "DepartementId") VALUES (8, 'Maths G4', 'Master 1', 25, 1);
INSERT INTO "Groupes" ("Id", "Nom", "Niveau", "Effectif", "DepartementId") VALUES (9, 'Physique G1', 'Licence 1', 29, 3);
INSERT INTO "Groupes" ("Id", "Nom", "Niveau", "Effectif", "DepartementId") VALUES (10, 'Physique G2', 'Licence 2', 34, 3);
INSERT INTO "Groupes" ("Id", "Nom", "Niveau", "Effectif", "DepartementId") VALUES (11, 'Physique G3', 'Licence 3', 40, 3);
INSERT INTO "Groupes" ("Id", "Nom", "Niveau", "Effectif", "DepartementId") VALUES (12, 'Physique G4', 'Master 1', 27, 3);
INSERT INTO "Groupes" ("Id", "Nom", "Niveau", "Effectif", "DepartementId") VALUES (13, 'Lettres G1', 'Licence 1', 38, 4);
INSERT INTO "Groupes" ("Id", "Nom", "Niveau", "Effectif", "DepartementId") VALUES (14, 'Lettres G2', 'Licence 2', 36, 4);
INSERT INTO "Groupes" ("Id", "Nom", "Niveau", "Effectif", "DepartementId") VALUES (15, 'Lettres G3', 'Licence 3', 30, 4);
INSERT INTO "Groupes" ("Id", "Nom", "Niveau", "Effectif", "DepartementId") VALUES (16, 'Lettres G4', 'Master 1', 25, 4);
INSERT INTO "Salles" ("Id", "Nom", "Capacite", "Type", "Logiciels", "Materiel") VALUES (1, 'A-201', 35, 'Amphi', NULL, NULL);
INSERT INTO "Salles" ("Id", "Nom", "Capacite", "Type", "Logiciels", "Materiel") VALUES (2, 'A-202', 35, 'TD', NULL, NULL);
INSERT INTO "Salles" ("Id", "Nom", "Capacite", "Type", "Logiciels", "Materiel") VALUES (3, 'A-203', 30, 'TD', NULL, NULL);
INSERT INTO "Salles" ("Id", "Nom", "Capacite", "Type", "Logiciels", "Materiel") VALUES (4, 'A-204', 25, 'TD', NULL, NULL);
INSERT INTO "Salles" ("Id", "Nom", "Capacite", "Type", "Logiciels", "Materiel") VALUES (5, 'B-101', 25, 'TD', NULL, NULL);
INSERT INTO "Salles" ("Id", "Nom", "Capacite", "Type", "Logiciels", "Materiel") VALUES (6, 'B-102', 30, 'TD', NULL, NULL);
INSERT INTO "Salles" ("Id", "Nom", "Capacite", "Type", "Logiciels", "Materiel") VALUES (7, 'B-103', 20, 'TD', NULL, NULL);
INSERT INTO "Salles" ("Id", "Nom", "Capacite", "Type", "Logiciels", "Materiel") VALUES (8, 'B-104', 28, 'TD', NULL, NULL);
INSERT INTO "Salles" ("Id", "Nom", "Capacite", "Type", "Logiciels", "Materiel") VALUES (9, 'C-201', 35, 'TD', NULL, NULL);
INSERT INTO "Salles" ("Id", "Nom", "Capacite", "Type", "Logiciels", "Materiel") VALUES (10, 'C-202', 30, 'AMPHI', NULL, NULL);
INSERT INTO "Salles" ("Id", "Nom", "Capacite", "Type", "Logiciels", "Materiel") VALUES (11, 'C-203', 25, 'AMPHI', NULL, NULL);
INSERT INTO "Salles" ("Id", "Nom", "Capacite", "Type", "Logiciels", "Materiel") VALUES (12, 'C-204', 20, 'AMPHI', NULL, NULL);
INSERT INTO "Salles" ("Id", "Nom", "Capacite", "Type", "Logiciels", "Materiel") VALUES (13, 'D-101', 40, 'TP', NULL, NULL);
INSERT INTO "Salles" ("Id", "Nom", "Capacite", "Type", "Logiciels", "Materiel") VALUES (14, 'D-102', 35, 'TP', NULL, NULL);
INSERT INTO "Salles" ("Id", "Nom", "Capacite", "Type", "Logiciels", "Materiel") VALUES (15, 'D-103', 30, 'TP', NULL, NULL);
INSERT INTO "Salles" ("Id", "Nom", "Capacite", "Type", "Logiciels", "Materiel") VALUES (16, 'D-104', 25, 'TP', NULL, NULL);
INSERT INTO "Cours" ("Id", "Titre", "Jour", "HeureDebut", "HeureFin", "DepartementId", "UtilisateurId", "SalleId", "GroupeId", "Type", "ProfesseurIds", "GroupeIds", "CodeMinisteriel", "HeuresTheorie", "HeuresLabo", "HeuresTravailPersonnel") VALUES (1, 'Algèbre Linéaire', 2, '14:00:00', '16:00:00', 1, 25, 3, NULL, NULL, '25', '5', NULL, 0, 0, 0);
INSERT INTO "Cours" ("Id", "Titre", "Jour", "HeureDebut", "HeureFin", "DepartementId", "UtilisateurId", "SalleId", "GroupeId", "Type", "ProfesseurIds", "GroupeIds", "CodeMinisteriel", "HeuresTheorie", "HeuresLabo", "HeuresTravailPersonnel") VALUES (2, 'Trigonométrie', 5, '14:00:00', '16:00:00', 1, 26, 5, NULL, NULL, '26', '5', NULL, 0, 0, 0);
INSERT INTO "Cours" ("Id", "Titre", "Jour", "HeureDebut", "HeureFin", "DepartementId", "UtilisateurId", "SalleId", "GroupeId", "Type", "ProfesseurIds", "GroupeIds", "CodeMinisteriel", "HeuresTheorie", "HeuresLabo", "HeuresTravailPersonnel") VALUES (3, 'Analyse réelle', 2, '16:00:00', '18:00:00', 1, 27, 5, NULL, NULL, '27', '5', NULL, 0, 0, 0);
INSERT INTO "Cours" ("Id", "Titre", "Jour", "HeureDebut", "HeureFin", "DepartementId", "UtilisateurId", "SalleId", "GroupeId", "Type", "ProfesseurIds", "GroupeIds", "CodeMinisteriel", "HeuresTheorie", "HeuresLabo", "HeuresTravailPersonnel") VALUES (4, 'Probabilités', 1, '14:00:00', '16:00:00', 1, 28, 3, NULL, NULL, '28', '5', NULL, 0, 0, 0);
INSERT INTO "Cours" ("Id", "Titre", "Jour", "HeureDebut", "HeureFin", "DepartementId", "UtilisateurId", "SalleId", "GroupeId", "Type", "ProfesseurIds", "GroupeIds", "CodeMinisteriel", "HeuresTheorie", "HeuresLabo", "HeuresTravailPersonnel") VALUES (5, 'Calcul Intégral', 4, '08:00:00', '10:00:00', 1, 29, 15, NULL, NULL, '29', '5', NULL, 0, 0, 0);
INSERT INTO "Cours" ("Id", "Titre", "Jour", "HeureDebut", "HeureFin", "DepartementId", "UtilisateurId", "SalleId", "GroupeId", "Type", "ProfesseurIds", "GroupeIds", "CodeMinisteriel", "HeuresTheorie", "HeuresLabo", "HeuresTravailPersonnel") VALUES (6, 'Géométrie Différentielle', 4, '10:00:00', '12:00:00', 1, 30, 15, NULL, NULL, '30', '5', NULL, 0, 0, 0);
INSERT INTO "Cours" ("Id", "Titre", "Jour", "HeureDebut", "HeureFin", "DepartementId", "UtilisateurId", "SalleId", "GroupeId", "Type", "ProfesseurIds", "GroupeIds", "CodeMinisteriel", "HeuresTheorie", "HeuresLabo", "HeuresTravailPersonnel") VALUES (7, 'Théorie des Graphes', 3, '10:00:00', '12:00:00', 1, 26, 3, NULL, NULL, '26,31', '5', NULL, 0, 0, 0);
INSERT INTO "Cours" ("Id", "Titre", "Jour", "HeureDebut", "HeureFin", "DepartementId", "UtilisateurId", "SalleId", "GroupeId", "Type", "ProfesseurIds", "GroupeIds", "CodeMinisteriel", "HeuresTheorie", "HeuresLabo", "HeuresTravailPersonnel") VALUES (8, 'Algorithmique Avancée', 4, '08:00:00', '10:00:00', 2, 32, 1, NULL, NULL, '32', '1', NULL, 0, 0, 0);
INSERT INTO "Cours" ("Id", "Titre", "Jour", "HeureDebut", "HeureFin", "DepartementId", "UtilisateurId", "SalleId", "GroupeId", "Type", "ProfesseurIds", "GroupeIds", "CodeMinisteriel", "HeuresTheorie", "HeuresLabo", "HeuresTravailPersonnel") VALUES (9, 'Programmation C# / .NET', 1, '08:00:00', '10:00:00', 2, 33, 4, NULL, NULL, NULL, NULL, NULL, 0, 0, 0);
INSERT INTO "Cours" ("Id", "Titre", "Jour", "HeureDebut", "HeureFin", "DepartementId", "UtilisateurId", "SalleId", "GroupeId", "Type", "ProfesseurIds", "GroupeIds", "CodeMinisteriel", "HeuresTheorie", "HeuresLabo", "HeuresTravailPersonnel") VALUES (10, 'Bases de Données SQL', 3, '16:00:00', '18:00:00', 2, 34, 13, NULL, NULL, NULL, NULL, NULL, 0, 0, 0);
INSERT INTO "Cours" ("Id", "Titre", "Jour", "HeureDebut", "HeureFin", "DepartementId", "UtilisateurId", "SalleId", "GroupeId", "Type", "ProfesseurIds", "GroupeIds", "CodeMinisteriel", "HeuresTheorie", "HeuresLabo", "HeuresTravailPersonnel") VALUES (11, 'Architecture des Ordinateurs', 0, '00:00:00', '00:00:00', 2, 36, NULL, NULL, NULL, NULL, NULL, NULL, 0, 0, 0);
INSERT INTO "Cours" ("Id", "Titre", "Jour", "HeureDebut", "HeureFin", "DepartementId", "UtilisateurId", "SalleId", "GroupeId", "Type", "ProfesseurIds", "GroupeIds", "CodeMinisteriel", "HeuresTheorie", "HeuresLabo", "HeuresTravailPersonnel") VALUES (12, 'Réseaux et Sécurité', 0, '00:00:00', '00:00:00', 2, 37, NULL, NULL, NULL, NULL, NULL, NULL, 0, 0, 0);
INSERT INTO "Cours" ("Id", "Titre", "Jour", "HeureDebut", "HeureFin", "DepartementId", "UtilisateurId", "SalleId", "GroupeId", "Type", "ProfesseurIds", "GroupeIds", "CodeMinisteriel", "HeuresTheorie", "HeuresLabo", "HeuresTravailPersonnel") VALUES (13, 'Développement Web API', 0, '00:00:00', '00:00:00', 2, 35, NULL, NULL, NULL, NULL, NULL, NULL, 0, 0, 0);
INSERT INTO "Cours" ("Id", "Titre", "Jour", "HeureDebut", "HeureFin", "DepartementId", "UtilisateurId", "SalleId", "GroupeId", "Type", "ProfesseurIds", "GroupeIds", "CodeMinisteriel", "HeuresTheorie", "HeuresLabo", "HeuresTravailPersonnel") VALUES (14, 'Intelligence Artificielle', 1, '08:00:00', '10:00:00', 2, 38, 1, NULL, NULL, NULL, NULL, NULL, 0, 0, 0);
INSERT INTO "Cours" ("Id", "Titre", "Jour", "HeureDebut", "HeureFin", "DepartementId", "UtilisateurId", "SalleId", "GroupeId", "Type", "ProfesseurIds", "GroupeIds", "CodeMinisteriel", "HeuresTheorie", "HeuresLabo", "HeuresTravailPersonnel") VALUES (15, 'Littérature Classique', 1, '09:00:00', '11:00:00', 3, NULL, NULL, NULL, NULL, NULL, NULL, NULL, 0, 0, 0);
INSERT INTO "Cours" ("Id", "Titre", "Jour", "HeureDebut", "HeureFin", "DepartementId", "UtilisateurId", "SalleId", "GroupeId", "Type", "ProfesseurIds", "GroupeIds", "CodeMinisteriel", "HeuresTheorie", "HeuresLabo", "HeuresTravailPersonnel") VALUES (16, 'Grammaire Comparée', 2, '08:30:00', '10:30:00', 3, NULL, NULL, NULL, NULL, NULL, NULL, NULL, 0, 0, 0);
INSERT INTO "Cours" ("Id", "Titre", "Jour", "HeureDebut", "HeureFin", "DepartementId", "UtilisateurId", "SalleId", "GroupeId", "Type", "ProfesseurIds", "GroupeIds", "CodeMinisteriel", "HeuresTheorie", "HeuresLabo", "HeuresTravailPersonnel") VALUES (17, 'Histoire de la Langue', 2, '14:00:00', '16:00:00', 3, NULL, NULL, NULL, NULL, NULL, NULL, NULL, 0, 0, 0);
INSERT INTO "Cours" ("Id", "Titre", "Jour", "HeureDebut", "HeureFin", "DepartementId", "UtilisateurId", "SalleId", "GroupeId", "Type", "ProfesseurIds", "GroupeIds", "CodeMinisteriel", "HeuresTheorie", "HeuresLabo", "HeuresTravailPersonnel") VALUES (18, 'Poésie Romantique', 3, '10:00:00', '12:00:00', 3, NULL, NULL, NULL, NULL, NULL, NULL, NULL, 0, 0, 0);
INSERT INTO "Cours" ("Id", "Titre", "Jour", "HeureDebut", "HeureFin", "DepartementId", "UtilisateurId", "SalleId", "GroupeId", "Type", "ProfesseurIds", "GroupeIds", "CodeMinisteriel", "HeuresTheorie", "HeuresLabo", "HeuresTravailPersonnel") VALUES (19, 'Analyse de Textes', 4, '09:00:00', '11:00:00', 3, NULL, NULL, NULL, NULL, NULL, NULL, NULL, 0, 0, 0);
INSERT INTO "Cours" ("Id", "Titre", "Jour", "HeureDebut", "HeureFin", "DepartementId", "UtilisateurId", "SalleId", "GroupeId", "Type", "ProfesseurIds", "GroupeIds", "CodeMinisteriel", "HeuresTheorie", "HeuresLabo", "HeuresTravailPersonnel") VALUES (20, 'Littérature Contemporaine', 5, '08:30:00', '10:30:00', 3, NULL, NULL, NULL, NULL, NULL, NULL, NULL, 0, 0, 0);
INSERT INTO "Cours" ("Id", "Titre", "Jour", "HeureDebut", "HeureFin", "DepartementId", "UtilisateurId", "SalleId", "GroupeId", "Type", "ProfesseurIds", "GroupeIds", "CodeMinisteriel", "HeuresTheorie", "HeuresLabo", "HeuresTravailPersonnel") VALUES (21, 'Atelier d''Écriture', 5, '14:00:00', '16:00:00', 3, NULL, NULL, NULL, NULL, NULL, NULL, NULL, 0, 0, 0);
INSERT INTO "Cours" ("Id", "Titre", "Jour", "HeureDebut", "HeureFin", "DepartementId", "UtilisateurId", "SalleId", "GroupeId", "Type", "ProfesseurIds", "GroupeIds", "CodeMinisteriel", "HeuresTheorie", "HeuresLabo", "HeuresTravailPersonnel") VALUES (22, 'Mécanique du Point', 1, '08:00:00', '10:00:00', 4, NULL, NULL, NULL, NULL, NULL, NULL, NULL, 0, 0, 0);
INSERT INTO "Cours" ("Id", "Titre", "Jour", "HeureDebut", "HeureFin", "DepartementId", "UtilisateurId", "SalleId", "GroupeId", "Type", "ProfesseurIds", "GroupeIds", "CodeMinisteriel", "HeuresTheorie", "HeuresLabo", "HeuresTravailPersonnel") VALUES (23, 'Vibrations et Acoustique', 1, '14:00:00', '16:00:00', 4, NULL, NULL, NULL, NULL, NULL, NULL, NULL, 0, 0, 0);
INSERT INTO "Cours" ("Id", "Titre", "Jour", "HeureDebut", "HeureFin", "DepartementId", "UtilisateurId", "SalleId", "GroupeId", "Type", "ProfesseurIds", "GroupeIds", "CodeMinisteriel", "HeuresTheorie", "HeuresLabo", "HeuresTravailPersonnel") VALUES (24, 'Thermodynamique 1', 2, '10:45:00', '12:45:00', 4, NULL, NULL, NULL, NULL, NULL, NULL, NULL, 0, 0, 0);
INSERT INTO "Cours" ("Id", "Titre", "Jour", "HeureDebut", "HeureFin", "DepartementId", "UtilisateurId", "SalleId", "GroupeId", "Type", "ProfesseurIds", "GroupeIds", "CodeMinisteriel", "HeuresTheorie", "HeuresLabo", "HeuresTravailPersonnel") VALUES (25, 'Optique Physique', 3, '08:00:00', '10:00:00', 4, NULL, NULL, NULL, NULL, NULL, NULL, NULL, 0, 0, 0);
INSERT INTO "Cours" ("Id", "Titre", "Jour", "HeureDebut", "HeureFin", "DepartementId", "UtilisateurId", "SalleId", "GroupeId", "Type", "ProfesseurIds", "GroupeIds", "CodeMinisteriel", "HeuresTheorie", "HeuresLabo", "HeuresTravailPersonnel") VALUES (26, 'Électronique Analogique', 4, '13:00:00', '15:00:00', 4, NULL, NULL, NULL, NULL, NULL, NULL, NULL, 0, 0, 0);
INSERT INTO "Cours" ("Id", "Titre", "Jour", "HeureDebut", "HeureFin", "DepartementId", "UtilisateurId", "SalleId", "GroupeId", "Type", "ProfesseurIds", "GroupeIds", "CodeMinisteriel", "HeuresTheorie", "HeuresLabo", "HeuresTravailPersonnel") VALUES (27, 'Physique des Matériaux', 5, '10:15:00', '12:15:00', 4, NULL, NULL, NULL, NULL, NULL, NULL, NULL, 0, 0, 0);
INSERT INTO "Cours" ("Id", "Titre", "Jour", "HeureDebut", "HeureFin", "DepartementId", "UtilisateurId", "SalleId", "GroupeId", "Type", "ProfesseurIds", "GroupeIds", "CodeMinisteriel", "HeuresTheorie", "HeuresLabo", "HeuresTravailPersonnel") VALUES (28, 'Relativité Restreinte', 5, '15:00:00', '17:00:00', 4, NULL, NULL, NULL, NULL, NULL, NULL, NULL, 0, 0, 0);
INSERT INTO "Cours" ("Id", "Titre", "Jour", "HeureDebut", "HeureFin", "DepartementId", "UtilisateurId", "SalleId", "GroupeId", "Type", "ProfesseurIds", "GroupeIds", "CodeMinisteriel", "HeuresTheorie", "HeuresLabo", "HeuresTravailPersonnel") VALUES (29, 'Algèbre Linéaire', 4, '10:00:00', '12:00:00', 1, 25, 16, NULL, NULL, '25', '6', NULL, 0, 0, 0);
INSERT INTO "Cours" ("Id", "Titre", "Jour", "HeureDebut", "HeureFin", "DepartementId", "UtilisateurId", "SalleId", "GroupeId", "Type", "ProfesseurIds", "GroupeIds", "CodeMinisteriel", "HeuresTheorie", "HeuresLabo", "HeuresTravailPersonnel") VALUES (30, 'Algèbre Linéaire', 5, '08:00:00', '10:00:00', 1, 25, 6, NULL, NULL, '25', '7', NULL, 0, 0, 0);
INSERT INTO "Cours" ("Id", "Titre", "Jour", "HeureDebut", "HeureFin", "DepartementId", "UtilisateurId", "SalleId", "GroupeId", "Type", "ProfesseurIds", "GroupeIds", "CodeMinisteriel", "HeuresTheorie", "HeuresLabo", "HeuresTravailPersonnel") VALUES (31, 'Algèbre Linéaire', 3, '14:00:00', '16:00:00', 1, 25, 13, NULL, NULL, '25', '8', NULL, 0, 0, 0);
INSERT INTO "Cours" ("Id", "Titre", "Jour", "HeureDebut", "HeureFin", "DepartementId", "UtilisateurId", "SalleId", "GroupeId", "Type", "ProfesseurIds", "GroupeIds", "CodeMinisteriel", "HeuresTheorie", "HeuresLabo", "HeuresTravailPersonnel") VALUES (32, 'Trigonométrie', 4, '08:00:00', '10:00:00', 1, 26, 13, NULL, NULL, '26', '6', NULL, 0, 0, 0);
INSERT INTO "Cours" ("Id", "Titre", "Jour", "HeureDebut", "HeureFin", "DepartementId", "UtilisateurId", "SalleId", "GroupeId", "Type", "ProfesseurIds", "GroupeIds", "CodeMinisteriel", "HeuresTheorie", "HeuresLabo", "HeuresTravailPersonnel") VALUES (33, 'Trigonométrie', 1, '14:00:00', '16:00:00', 1, 26, 5, NULL, NULL, '26', '7', NULL, 0, 0, 0);
INSERT INTO "Cours" ("Id", "Titre", "Jour", "HeureDebut", "HeureFin", "DepartementId", "UtilisateurId", "SalleId", "GroupeId", "Type", "ProfesseurIds", "GroupeIds", "CodeMinisteriel", "HeuresTheorie", "HeuresLabo", "HeuresTravailPersonnel") VALUES (34, 'Trigonométrie', 5, '16:00:00', '18:00:00', 1, 26, 14, NULL, NULL, '26', '8', NULL, 0, 0, 0);
INSERT INTO "Cours" ("Id", "Titre", "Jour", "HeureDebut", "HeureFin", "DepartementId", "UtilisateurId", "SalleId", "GroupeId", "Type", "ProfesseurIds", "GroupeIds", "CodeMinisteriel", "HeuresTheorie", "HeuresLabo", "HeuresTravailPersonnel") VALUES (35, 'Analyse réelle', 2, '10:00:00', '12:00:00', 1, 27, 16, NULL, NULL, '27', '6', NULL, 0, 0, 0);
INSERT INTO "Cours" ("Id", "Titre", "Jour", "HeureDebut", "HeureFin", "DepartementId", "UtilisateurId", "SalleId", "GroupeId", "Type", "ProfesseurIds", "GroupeIds", "CodeMinisteriel", "HeuresTheorie", "HeuresLabo", "HeuresTravailPersonnel") VALUES (36, 'Analyse réelle', 4, '14:00:00', '16:00:00', 1, 27, 8, NULL, NULL, '27', '7', NULL, 0, 0, 0);
INSERT INTO "Cours" ("Id", "Titre", "Jour", "HeureDebut", "HeureFin", "DepartementId", "UtilisateurId", "SalleId", "GroupeId", "Type", "ProfesseurIds", "GroupeIds", "CodeMinisteriel", "HeuresTheorie", "HeuresLabo", "HeuresTravailPersonnel") VALUES (37, 'Analyse réelle', 1, '08:00:00', '10:00:00', 1, 27, 15, NULL, NULL, '27', '8', NULL, 0, 0, 0);
INSERT INTO "Cours" ("Id", "Titre", "Jour", "HeureDebut", "HeureFin", "DepartementId", "UtilisateurId", "SalleId", "GroupeId", "Type", "ProfesseurIds", "GroupeIds", "CodeMinisteriel", "HeuresTheorie", "HeuresLabo", "HeuresTravailPersonnel") VALUES (38, 'Probabilités', 1, '08:00:00', '10:00:00', 1, 28, 13, NULL, NULL, '28', '6', NULL, 0, 0, 0);
INSERT INTO "Cours" ("Id", "Titre", "Jour", "HeureDebut", "HeureFin", "DepartementId", "UtilisateurId", "SalleId", "GroupeId", "Type", "ProfesseurIds", "GroupeIds", "CodeMinisteriel", "HeuresTheorie", "HeuresLabo", "HeuresTravailPersonnel") VALUES (39, 'Probabilités', 4, '10:00:00', '12:00:00', 1, 28, 8, NULL, NULL, '28', '7', NULL, 0, 0, 0);
INSERT INTO "Cours" ("Id", "Titre", "Jour", "HeureDebut", "HeureFin", "DepartementId", "UtilisateurId", "SalleId", "GroupeId", "Type", "ProfesseurIds", "GroupeIds", "CodeMinisteriel", "HeuresTheorie", "HeuresLabo", "HeuresTravailPersonnel") VALUES (40, 'Probabilités', 1, '10:00:00', '12:00:00', 1, 28, 8, NULL, NULL, '28', '8', NULL, 0, 0, 0);
INSERT INTO "Cours" ("Id", "Titre", "Jour", "HeureDebut", "HeureFin", "DepartementId", "UtilisateurId", "SalleId", "GroupeId", "Type", "ProfesseurIds", "GroupeIds", "CodeMinisteriel", "HeuresTheorie", "HeuresLabo", "HeuresTravailPersonnel") VALUES (41, 'Calcul Intégral', 3, '14:00:00', '16:00:00', 1, 29, 16, NULL, NULL, '29', '6', NULL, 0, 0, 0);
INSERT INTO "Cours" ("Id", "Titre", "Jour", "HeureDebut", "HeureFin", "DepartementId", "UtilisateurId", "SalleId", "GroupeId", "Type", "ProfesseurIds", "GroupeIds", "CodeMinisteriel", "HeuresTheorie", "HeuresLabo", "HeuresTravailPersonnel") VALUES (42, 'Calcul Intégral', 3, '08:00:00', '10:00:00', 1, 29, 11, NULL, NULL, '29', '7', NULL, 0, 0, 0);
INSERT INTO "Cours" ("Id", "Titre", "Jour", "HeureDebut", "HeureFin", "DepartementId", "UtilisateurId", "SalleId", "GroupeId", "Type", "ProfesseurIds", "GroupeIds", "CodeMinisteriel", "HeuresTheorie", "HeuresLabo", "HeuresTravailPersonnel") VALUES (43, 'Calcul Intégral', 1, '16:00:00', '18:00:00', 1, 29, 1, NULL, NULL, '29', '8', NULL, 0, 0, 0);
INSERT INTO "Cours" ("Id", "Titre", "Jour", "HeureDebut", "HeureFin", "DepartementId", "UtilisateurId", "SalleId", "GroupeId", "Type", "ProfesseurIds", "GroupeIds", "CodeMinisteriel", "HeuresTheorie", "HeuresLabo", "HeuresTravailPersonnel") VALUES (47, 'Théorie des Graphes', 2, '08:00:00', '10:00:00', 1, 26, 14, NULL, NULL, '26,31', '6', NULL, 0, 0, 0);
INSERT INTO "Cours" ("Id", "Titre", "Jour", "HeureDebut", "HeureFin", "DepartementId", "UtilisateurId", "SalleId", "GroupeId", "Type", "ProfesseurIds", "GroupeIds", "CodeMinisteriel", "HeuresTheorie", "HeuresLabo", "HeuresTravailPersonnel") VALUES (48, 'Théorie des Graphes', 4, '16:00:00', '18:00:00', 1, 26, 7, NULL, NULL, '26,31', '7', NULL, 0, 0, 0);
INSERT INTO "Cours" ("Id", "Titre", "Jour", "HeureDebut", "HeureFin", "DepartementId", "UtilisateurId", "SalleId", "GroupeId", "Type", "ProfesseurIds", "GroupeIds", "CodeMinisteriel", "HeuresTheorie", "HeuresLabo", "HeuresTravailPersonnel") VALUES (49, 'Théorie des Graphes', 3, '16:00:00', '18:00:00', 1, 26, 4, NULL, NULL, '26,31', '8', NULL, 0, 0, 0);
INSERT INTO "Cours" ("Id", "Titre", "Jour", "HeureDebut", "HeureFin", "DepartementId", "UtilisateurId", "SalleId", "GroupeId", "Type", "ProfesseurIds", "GroupeIds", "CodeMinisteriel", "HeuresTheorie", "HeuresLabo", "HeuresTravailPersonnel") VALUES (50, 'Géométrie Différentielle', 5, '10:00:00', '12:00:00', 1, 30, 8, NULL, NULL, '30', '6', NULL, 0, 0, 0);
INSERT INTO "Cours" ("Id", "Titre", "Jour", "HeureDebut", "HeureFin", "DepartementId", "UtilisateurId", "SalleId", "GroupeId", "Type", "ProfesseurIds", "GroupeIds", "CodeMinisteriel", "HeuresTheorie", "HeuresLabo", "HeuresTravailPersonnel") VALUES (51, 'Géométrie Différentielle', 4, '08:00:00', '10:00:00', 1, 30, 12, NULL, NULL, '30', '7', NULL, 0, 0, 0);
INSERT INTO "Cours" ("Id", "Titre", "Jour", "HeureDebut", "HeureFin", "DepartementId", "UtilisateurId", "SalleId", "GroupeId", "Type", "ProfesseurIds", "GroupeIds", "CodeMinisteriel", "HeuresTheorie", "HeuresLabo", "HeuresTravailPersonnel") VALUES (52, 'Géométrie Différentielle', 2, '14:00:00', '16:00:00', 1, 30, 12, NULL, NULL, '30', '8', NULL, 0, 0, 0);
INSERT INTO "Cours" ("Id", "Titre", "Jour", "HeureDebut", "HeureFin", "DepartementId", "UtilisateurId", "SalleId", "GroupeId", "Type", "ProfesseurIds", "GroupeIds", "CodeMinisteriel", "HeuresTheorie", "HeuresLabo", "HeuresTravailPersonnel") VALUES (53, 'Algorithmique Avancée', 3, '08:00:00', '10:00:00', 2, NULL, 1, NULL, NULL, NULL, '2', NULL, 0, 0, 0);
INSERT INTO "Cours" ("Id", "Titre", "Jour", "HeureDebut", "HeureFin", "DepartementId", "UtilisateurId", "SalleId", "GroupeId", "Type", "ProfesseurIds", "GroupeIds", "CodeMinisteriel", "HeuresTheorie", "HeuresLabo", "HeuresTravailPersonnel") VALUES (54, 'Algorithmique Avancée', 3, '08:00:00', '10:00:00', 2, 32, 14, NULL, NULL, '32', '3', NULL, 0, 0, 0);
INSERT INTO "Cours" ("Id", "Titre", "Jour", "HeureDebut", "HeureFin", "DepartementId", "UtilisateurId", "SalleId", "GroupeId", "Type", "ProfesseurIds", "GroupeIds", "CodeMinisteriel", "HeuresTheorie", "HeuresLabo", "HeuresTravailPersonnel") VALUES (55, 'Algorithmique Avancée', 1, '00:00:00', '00:00:00', 2, NULL, 1, NULL, NULL, NULL, '4', NULL, 0, 0, 0);
INSERT INTO "Demandes" ("Id", "UtilisateurId", "Type", "Description", "Statut", "DateCreation", "NoteResponsable", "FichierJoint", "EstUrgent") VALUES (1, 34, 'Technique', 'mon ordinateure ne fonctionne pas', 'Approuvé', '2026-04-07T12:27:18.6510362', NULL, NULL, 0::boolean);
INSERT INTO "Disponibilites" ("Id", "UtilisateurId", "Jour", "HeureDebut", "HeureFin", "Disponible") VALUES (7, 38, 1, '08:00:00', '10:00:00', 1::boolean);
INSERT INTO "Disponibilites" ("Id", "UtilisateurId", "Jour", "HeureDebut", "HeureFin", "Disponible") VALUES (8, 33, 1, '08:00:00', '10:00:00', 1::boolean);
INSERT INTO "Disponibilites" ("Id", "UtilisateurId", "Jour", "HeureDebut", "HeureFin", "Disponible") VALUES (9, 32, 5, '08:00:00', '10:00:00', 1::boolean);
INSERT INTO "Disponibilites" ("Id", "UtilisateurId", "Jour", "HeureDebut", "HeureFin", "Disponible") VALUES (10, 32, 3, '15:00:00', '19:00:00', 1::boolean);
INSERT INTO "Disponibilites" ("Id", "UtilisateurId", "Jour", "HeureDebut", "HeureFin", "Disponible") VALUES (11, 32, 5, '08:00:00', '15:00:00', 1::boolean);
INSERT INTO "Disponibilites" ("Id", "UtilisateurId", "Jour", "HeureDebut", "HeureFin", "Disponible") VALUES (12, 32, 6, '08:00:00', '15:00:00', 1::boolean);
INSERT INTO "Disponibilites" ("Id", "UtilisateurId", "Jour", "HeureDebut", "HeureFin", "Disponible") VALUES (13, 26, 1, '08:00:00', '10:00:00', 1::boolean);
INSERT INTO "Disponibilites" ("Id", "UtilisateurId", "Jour", "HeureDebut", "HeureFin", "Disponible") VALUES (14, 26, 1, '10:00:00', '12:00:00', 1::boolean);
INSERT INTO "Disponibilites" ("Id", "UtilisateurId", "Jour", "HeureDebut", "HeureFin", "Disponible") VALUES (15, 26, 1, '12:00:00', '14:00:00', 1::boolean);
INSERT INTO "Disponibilites" ("Id", "UtilisateurId", "Jour", "HeureDebut", "HeureFin", "Disponible") VALUES (16, 26, 1, '14:00:00', '16:00:00', 1::boolean);
INSERT INTO "Disponibilites" ("Id", "UtilisateurId", "Jour", "HeureDebut", "HeureFin", "Disponible") VALUES (17, 26, 1, '16:00:00', '18:00:00', 1::boolean);
INSERT INTO "Disponibilites" ("Id", "UtilisateurId", "Jour", "HeureDebut", "HeureFin", "Disponible") VALUES (18, 26, 2, '08:00:00', '10:00:00', 1::boolean);
INSERT INTO "Disponibilites" ("Id", "UtilisateurId", "Jour", "HeureDebut", "HeureFin", "Disponible") VALUES (19, 26, 2, '10:00:00', '12:00:00', 1::boolean);
INSERT INTO "Disponibilites" ("Id", "UtilisateurId", "Jour", "HeureDebut", "HeureFin", "Disponible") VALUES (20, 26, 2, '12:00:00', '14:00:00', 1::boolean);
INSERT INTO "Disponibilites" ("Id", "UtilisateurId", "Jour", "HeureDebut", "HeureFin", "Disponible") VALUES (21, 26, 2, '14:00:00', '16:00:00', 1::boolean);
INSERT INTO "Disponibilites" ("Id", "UtilisateurId", "Jour", "HeureDebut", "HeureFin", "Disponible") VALUES (22, 26, 2, '16:00:00', '18:00:00', 1::boolean);
INSERT INTO "Disponibilites" ("Id", "UtilisateurId", "Jour", "HeureDebut", "HeureFin", "Disponible") VALUES (23, 26, 3, '08:00:00', '10:00:00', 1::boolean);
INSERT INTO "Disponibilites" ("Id", "UtilisateurId", "Jour", "HeureDebut", "HeureFin", "Disponible") VALUES (24, 26, 3, '10:00:00', '12:00:00', 1::boolean);
INSERT INTO "Disponibilites" ("Id", "UtilisateurId", "Jour", "HeureDebut", "HeureFin", "Disponible") VALUES (25, 26, 3, '12:00:00', '14:00:00', 1::boolean);
INSERT INTO "Disponibilites" ("Id", "UtilisateurId", "Jour", "HeureDebut", "HeureFin", "Disponible") VALUES (26, 26, 3, '14:00:00', '16:00:00', 1::boolean);
INSERT INTO "Disponibilites" ("Id", "UtilisateurId", "Jour", "HeureDebut", "HeureFin", "Disponible") VALUES (27, 26, 3, '16:00:00', '18:00:00', 1::boolean);
INSERT INTO "Disponibilites" ("Id", "UtilisateurId", "Jour", "HeureDebut", "HeureFin", "Disponible") VALUES (28, 26, 4, '08:00:00', '10:00:00', 1::boolean);
INSERT INTO "Disponibilites" ("Id", "UtilisateurId", "Jour", "HeureDebut", "HeureFin", "Disponible") VALUES (29, 26, 4, '10:00:00', '12:00:00', 1::boolean);
INSERT INTO "Disponibilites" ("Id", "UtilisateurId", "Jour", "HeureDebut", "HeureFin", "Disponible") VALUES (30, 26, 4, '12:00:00', '14:00:00', 1::boolean);
INSERT INTO "Disponibilites" ("Id", "UtilisateurId", "Jour", "HeureDebut", "HeureFin", "Disponible") VALUES (31, 26, 4, '14:00:00', '16:00:00', 1::boolean);
INSERT INTO "Disponibilites" ("Id", "UtilisateurId", "Jour", "HeureDebut", "HeureFin", "Disponible") VALUES (32, 26, 4, '16:00:00', '18:00:00', 1::boolean);
INSERT INTO "Disponibilites" ("Id", "UtilisateurId", "Jour", "HeureDebut", "HeureFin", "Disponible") VALUES (33, 26, 5, '08:00:00', '10:00:00', 1::boolean);
INSERT INTO "Disponibilites" ("Id", "UtilisateurId", "Jour", "HeureDebut", "HeureFin", "Disponible") VALUES (34, 26, 5, '10:00:00', '12:00:00', 1::boolean);
INSERT INTO "Disponibilites" ("Id", "UtilisateurId", "Jour", "HeureDebut", "HeureFin", "Disponible") VALUES (35, 26, 5, '12:00:00', '14:00:00', 1::boolean);
INSERT INTO "Disponibilites" ("Id", "UtilisateurId", "Jour", "HeureDebut", "HeureFin", "Disponible") VALUES (36, 26, 5, '14:00:00', '16:00:00', 1::boolean);
INSERT INTO "Disponibilites" ("Id", "UtilisateurId", "Jour", "HeureDebut", "HeureFin", "Disponible") VALUES (37, 26, 5, '16:00:00', '18:00:00', 1::boolean);
INSERT INTO "Disponibilites" ("Id", "UtilisateurId", "Jour", "HeureDebut", "HeureFin", "Disponible") VALUES (38, 29, 1, '08:00:00', '10:00:00', 1::boolean);
INSERT INTO "Disponibilites" ("Id", "UtilisateurId", "Jour", "HeureDebut", "HeureFin", "Disponible") VALUES (39, 29, 1, '10:00:00', '12:00:00', 1::boolean);
INSERT INTO "Disponibilites" ("Id", "UtilisateurId", "Jour", "HeureDebut", "HeureFin", "Disponible") VALUES (40, 29, 1, '12:00:00', '14:00:00', 1::boolean);
INSERT INTO "Disponibilites" ("Id", "UtilisateurId", "Jour", "HeureDebut", "HeureFin", "Disponible") VALUES (41, 29, 1, '14:00:00', '16:00:00', 1::boolean);
INSERT INTO "Disponibilites" ("Id", "UtilisateurId", "Jour", "HeureDebut", "HeureFin", "Disponible") VALUES (42, 29, 1, '16:00:00', '18:00:00', 1::boolean);
INSERT INTO "Disponibilites" ("Id", "UtilisateurId", "Jour", "HeureDebut", "HeureFin", "Disponible") VALUES (43, 29, 2, '08:00:00', '10:00:00', 1::boolean);
INSERT INTO "Disponibilites" ("Id", "UtilisateurId", "Jour", "HeureDebut", "HeureFin", "Disponible") VALUES (44, 29, 2, '10:00:00', '12:00:00', 1::boolean);
INSERT INTO "Disponibilites" ("Id", "UtilisateurId", "Jour", "HeureDebut", "HeureFin", "Disponible") VALUES (45, 29, 2, '12:00:00', '14:00:00', 1::boolean);
INSERT INTO "Disponibilites" ("Id", "UtilisateurId", "Jour", "HeureDebut", "HeureFin", "Disponible") VALUES (46, 29, 2, '14:00:00', '16:00:00', 1::boolean);
INSERT INTO "Disponibilites" ("Id", "UtilisateurId", "Jour", "HeureDebut", "HeureFin", "Disponible") VALUES (47, 29, 2, '16:00:00', '18:00:00', 1::boolean);
INSERT INTO "Disponibilites" ("Id", "UtilisateurId", "Jour", "HeureDebut", "HeureFin", "Disponible") VALUES (48, 29, 3, '08:00:00', '10:00:00', 1::boolean);
INSERT INTO "Disponibilites" ("Id", "UtilisateurId", "Jour", "HeureDebut", "HeureFin", "Disponible") VALUES (49, 29, 3, '10:00:00', '12:00:00', 1::boolean);
INSERT INTO "Disponibilites" ("Id", "UtilisateurId", "Jour", "HeureDebut", "HeureFin", "Disponible") VALUES (50, 29, 3, '12:00:00', '14:00:00', 1::boolean);
INSERT INTO "Disponibilites" ("Id", "UtilisateurId", "Jour", "HeureDebut", "HeureFin", "Disponible") VALUES (51, 29, 3, '14:00:00', '16:00:00', 1::boolean);
INSERT INTO "Disponibilites" ("Id", "UtilisateurId", "Jour", "HeureDebut", "HeureFin", "Disponible") VALUES (52, 29, 3, '16:00:00', '18:00:00', 1::boolean);
INSERT INTO "Disponibilites" ("Id", "UtilisateurId", "Jour", "HeureDebut", "HeureFin", "Disponible") VALUES (53, 29, 4, '08:00:00', '10:00:00', 1::boolean);
INSERT INTO "Disponibilites" ("Id", "UtilisateurId", "Jour", "HeureDebut", "HeureFin", "Disponible") VALUES (54, 29, 4, '10:00:00', '12:00:00', 1::boolean);
INSERT INTO "Disponibilites" ("Id", "UtilisateurId", "Jour", "HeureDebut", "HeureFin", "Disponible") VALUES (55, 29, 4, '12:00:00', '14:00:00', 1::boolean);
INSERT INTO "Disponibilites" ("Id", "UtilisateurId", "Jour", "HeureDebut", "HeureFin", "Disponible") VALUES (56, 29, 4, '14:00:00', '16:00:00', 1::boolean);
INSERT INTO "Disponibilites" ("Id", "UtilisateurId", "Jour", "HeureDebut", "HeureFin", "Disponible") VALUES (57, 29, 4, '16:00:00', '18:00:00', 1::boolean);
INSERT INTO "Disponibilites" ("Id", "UtilisateurId", "Jour", "HeureDebut", "HeureFin", "Disponible") VALUES (58, 29, 5, '08:00:00', '10:00:00', 1::boolean);
INSERT INTO "Disponibilites" ("Id", "UtilisateurId", "Jour", "HeureDebut", "HeureFin", "Disponible") VALUES (59, 29, 5, '10:00:00', '12:00:00', 1::boolean);
INSERT INTO "Disponibilites" ("Id", "UtilisateurId", "Jour", "HeureDebut", "HeureFin", "Disponible") VALUES (60, 29, 5, '12:00:00', '14:00:00', 1::boolean);
INSERT INTO "Disponibilites" ("Id", "UtilisateurId", "Jour", "HeureDebut", "HeureFin", "Disponible") VALUES (61, 29, 5, '14:00:00', '16:00:00', 1::boolean);
INSERT INTO "Disponibilites" ("Id", "UtilisateurId", "Jour", "HeureDebut", "HeureFin", "Disponible") VALUES (62, 29, 5, '16:00:00', '18:00:00', 1::boolean);
INSERT INTO "Disponibilites" ("Id", "UtilisateurId", "Jour", "HeureDebut", "HeureFin", "Disponible") VALUES (63, 28, 1, '08:00:00', '10:00:00', 1::boolean);
INSERT INTO "Disponibilites" ("Id", "UtilisateurId", "Jour", "HeureDebut", "HeureFin", "Disponible") VALUES (64, 28, 1, '10:00:00', '12:00:00', 1::boolean);
INSERT INTO "Disponibilites" ("Id", "UtilisateurId", "Jour", "HeureDebut", "HeureFin", "Disponible") VALUES (65, 28, 1, '12:00:00', '14:00:00', 1::boolean);
INSERT INTO "Disponibilites" ("Id", "UtilisateurId", "Jour", "HeureDebut", "HeureFin", "Disponible") VALUES (66, 28, 1, '14:00:00', '16:00:00', 1::boolean);
INSERT INTO "Disponibilites" ("Id", "UtilisateurId", "Jour", "HeureDebut", "HeureFin", "Disponible") VALUES (67, 28, 1, '16:00:00', '18:00:00', 1::boolean);
INSERT INTO "Disponibilites" ("Id", "UtilisateurId", "Jour", "HeureDebut", "HeureFin", "Disponible") VALUES (68, 28, 2, '08:00:00', '10:00:00', 1::boolean);
INSERT INTO "Disponibilites" ("Id", "UtilisateurId", "Jour", "HeureDebut", "HeureFin", "Disponible") VALUES (69, 28, 2, '10:00:00', '12:00:00', 1::boolean);
INSERT INTO "Disponibilites" ("Id", "UtilisateurId", "Jour", "HeureDebut", "HeureFin", "Disponible") VALUES (70, 28, 2, '12:00:00', '14:00:00', 1::boolean);
INSERT INTO "Disponibilites" ("Id", "UtilisateurId", "Jour", "HeureDebut", "HeureFin", "Disponible") VALUES (71, 28, 2, '14:00:00', '16:00:00', 1::boolean);
INSERT INTO "Disponibilites" ("Id", "UtilisateurId", "Jour", "HeureDebut", "HeureFin", "Disponible") VALUES (72, 28, 2, '16:00:00', '18:00:00', 1::boolean);
INSERT INTO "Disponibilites" ("Id", "UtilisateurId", "Jour", "HeureDebut", "HeureFin", "Disponible") VALUES (73, 28, 3, '08:00:00', '10:00:00', 1::boolean);
INSERT INTO "Disponibilites" ("Id", "UtilisateurId", "Jour", "HeureDebut", "HeureFin", "Disponible") VALUES (74, 28, 3, '10:00:00', '12:00:00', 1::boolean);
INSERT INTO "Disponibilites" ("Id", "UtilisateurId", "Jour", "HeureDebut", "HeureFin", "Disponible") VALUES (75, 28, 3, '12:00:00', '14:00:00', 1::boolean);
INSERT INTO "Disponibilites" ("Id", "UtilisateurId", "Jour", "HeureDebut", "HeureFin", "Disponible") VALUES (76, 28, 3, '14:00:00', '16:00:00', 1::boolean);
INSERT INTO "Disponibilites" ("Id", "UtilisateurId", "Jour", "HeureDebut", "HeureFin", "Disponible") VALUES (77, 28, 3, '16:00:00', '18:00:00', 1::boolean);
INSERT INTO "Disponibilites" ("Id", "UtilisateurId", "Jour", "HeureDebut", "HeureFin", "Disponible") VALUES (78, 28, 4, '08:00:00', '10:00:00', 1::boolean);
INSERT INTO "Disponibilites" ("Id", "UtilisateurId", "Jour", "HeureDebut", "HeureFin", "Disponible") VALUES (79, 28, 4, '10:00:00', '12:00:00', 1::boolean);
INSERT INTO "Disponibilites" ("Id", "UtilisateurId", "Jour", "HeureDebut", "HeureFin", "Disponible") VALUES (80, 28, 4, '12:00:00', '14:00:00', 1::boolean);
INSERT INTO "Disponibilites" ("Id", "UtilisateurId", "Jour", "HeureDebut", "HeureFin", "Disponible") VALUES (81, 28, 4, '14:00:00', '16:00:00', 1::boolean);
INSERT INTO "Disponibilites" ("Id", "UtilisateurId", "Jour", "HeureDebut", "HeureFin", "Disponible") VALUES (82, 28, 4, '16:00:00', '18:00:00', 1::boolean);
INSERT INTO "Disponibilites" ("Id", "UtilisateurId", "Jour", "HeureDebut", "HeureFin", "Disponible") VALUES (83, 28, 5, '08:00:00', '10:00:00', 1::boolean);
INSERT INTO "Disponibilites" ("Id", "UtilisateurId", "Jour", "HeureDebut", "HeureFin", "Disponible") VALUES (84, 28, 5, '10:00:00', '12:00:00', 1::boolean);
INSERT INTO "Disponibilites" ("Id", "UtilisateurId", "Jour", "HeureDebut", "HeureFin", "Disponible") VALUES (85, 28, 5, '12:00:00', '14:00:00', 1::boolean);
INSERT INTO "Disponibilites" ("Id", "UtilisateurId", "Jour", "HeureDebut", "HeureFin", "Disponible") VALUES (86, 28, 5, '14:00:00', '16:00:00', 1::boolean);
INSERT INTO "Disponibilites" ("Id", "UtilisateurId", "Jour", "HeureDebut", "HeureFin", "Disponible") VALUES (87, 28, 5, '16:00:00', '18:00:00', 1::boolean);
INSERT INTO "Disponibilites" ("Id", "UtilisateurId", "Jour", "HeureDebut", "HeureFin", "Disponible") VALUES (88, 27, 1, '08:00:00', '10:00:00', 1::boolean);
INSERT INTO "Disponibilites" ("Id", "UtilisateurId", "Jour", "HeureDebut", "HeureFin", "Disponible") VALUES (89, 27, 1, '10:00:00', '12:00:00', 1::boolean);
INSERT INTO "Disponibilites" ("Id", "UtilisateurId", "Jour", "HeureDebut", "HeureFin", "Disponible") VALUES (90, 27, 1, '12:00:00', '14:00:00', 1::boolean);
INSERT INTO "Disponibilites" ("Id", "UtilisateurId", "Jour", "HeureDebut", "HeureFin", "Disponible") VALUES (91, 27, 1, '14:00:00', '16:00:00', 1::boolean);
INSERT INTO "Disponibilites" ("Id", "UtilisateurId", "Jour", "HeureDebut", "HeureFin", "Disponible") VALUES (92, 27, 1, '16:00:00', '18:00:00', 1::boolean);
INSERT INTO "Disponibilites" ("Id", "UtilisateurId", "Jour", "HeureDebut", "HeureFin", "Disponible") VALUES (93, 27, 2, '08:00:00', '10:00:00', 1::boolean);
INSERT INTO "Disponibilites" ("Id", "UtilisateurId", "Jour", "HeureDebut", "HeureFin", "Disponible") VALUES (94, 27, 2, '10:00:00', '12:00:00', 1::boolean);
INSERT INTO "Disponibilites" ("Id", "UtilisateurId", "Jour", "HeureDebut", "HeureFin", "Disponible") VALUES (95, 27, 2, '12:00:00', '14:00:00', 1::boolean);
INSERT INTO "Disponibilites" ("Id", "UtilisateurId", "Jour", "HeureDebut", "HeureFin", "Disponible") VALUES (96, 27, 2, '14:00:00', '16:00:00', 1::boolean);
INSERT INTO "Disponibilites" ("Id", "UtilisateurId", "Jour", "HeureDebut", "HeureFin", "Disponible") VALUES (97, 27, 2, '16:00:00', '18:00:00', 1::boolean);
INSERT INTO "Disponibilites" ("Id", "UtilisateurId", "Jour", "HeureDebut", "HeureFin", "Disponible") VALUES (98, 27, 3, '08:00:00', '10:00:00', 1::boolean);
INSERT INTO "Disponibilites" ("Id", "UtilisateurId", "Jour", "HeureDebut", "HeureFin", "Disponible") VALUES (99, 27, 3, '10:00:00', '12:00:00', 1::boolean);
INSERT INTO "Disponibilites" ("Id", "UtilisateurId", "Jour", "HeureDebut", "HeureFin", "Disponible") VALUES (100, 27, 3, '12:00:00', '14:00:00', 1::boolean);
INSERT INTO "Disponibilites" ("Id", "UtilisateurId", "Jour", "HeureDebut", "HeureFin", "Disponible") VALUES (101, 27, 3, '14:00:00', '16:00:00', 1::boolean);
INSERT INTO "Disponibilites" ("Id", "UtilisateurId", "Jour", "HeureDebut", "HeureFin", "Disponible") VALUES (102, 27, 3, '16:00:00', '18:00:00', 1::boolean);
INSERT INTO "Disponibilites" ("Id", "UtilisateurId", "Jour", "HeureDebut", "HeureFin", "Disponible") VALUES (103, 27, 4, '08:00:00', '10:00:00', 1::boolean);
INSERT INTO "Disponibilites" ("Id", "UtilisateurId", "Jour", "HeureDebut", "HeureFin", "Disponible") VALUES (104, 27, 4, '10:00:00', '12:00:00', 1::boolean);
INSERT INTO "Disponibilites" ("Id", "UtilisateurId", "Jour", "HeureDebut", "HeureFin", "Disponible") VALUES (105, 27, 4, '12:00:00', '14:00:00', 1::boolean);
INSERT INTO "Disponibilites" ("Id", "UtilisateurId", "Jour", "HeureDebut", "HeureFin", "Disponible") VALUES (106, 27, 4, '14:00:00', '16:00:00', 1::boolean);
INSERT INTO "Disponibilites" ("Id", "UtilisateurId", "Jour", "HeureDebut", "HeureFin", "Disponible") VALUES (107, 27, 4, '16:00:00', '18:00:00', 1::boolean);
INSERT INTO "Disponibilites" ("Id", "UtilisateurId", "Jour", "HeureDebut", "HeureFin", "Disponible") VALUES (108, 27, 5, '08:00:00', '10:00:00', 1::boolean);
INSERT INTO "Disponibilites" ("Id", "UtilisateurId", "Jour", "HeureDebut", "HeureFin", "Disponible") VALUES (109, 27, 5, '10:00:00', '12:00:00', 1::boolean);
INSERT INTO "Disponibilites" ("Id", "UtilisateurId", "Jour", "HeureDebut", "HeureFin", "Disponible") VALUES (110, 27, 5, '12:00:00', '14:00:00', 1::boolean);
INSERT INTO "Disponibilites" ("Id", "UtilisateurId", "Jour", "HeureDebut", "HeureFin", "Disponible") VALUES (111, 27, 5, '14:00:00', '16:00:00', 1::boolean);
INSERT INTO "Disponibilites" ("Id", "UtilisateurId", "Jour", "HeureDebut", "HeureFin", "Disponible") VALUES (112, 27, 5, '16:00:00', '18:00:00', 1::boolean);
INSERT INTO "Disponibilites" ("Id", "UtilisateurId", "Jour", "HeureDebut", "HeureFin", "Disponible") VALUES (113, 30, 1, '08:00:00', '10:00:00', 1::boolean);
INSERT INTO "Disponibilites" ("Id", "UtilisateurId", "Jour", "HeureDebut", "HeureFin", "Disponible") VALUES (114, 30, 1, '10:00:00', '12:00:00', 1::boolean);
INSERT INTO "Disponibilites" ("Id", "UtilisateurId", "Jour", "HeureDebut", "HeureFin", "Disponible") VALUES (115, 30, 1, '12:00:00', '14:00:00', 1::boolean);
INSERT INTO "Disponibilites" ("Id", "UtilisateurId", "Jour", "HeureDebut", "HeureFin", "Disponible") VALUES (116, 30, 1, '14:00:00', '16:00:00', 1::boolean);
INSERT INTO "Disponibilites" ("Id", "UtilisateurId", "Jour", "HeureDebut", "HeureFin", "Disponible") VALUES (117, 30, 1, '16:00:00', '18:00:00', 1::boolean);
INSERT INTO "Disponibilites" ("Id", "UtilisateurId", "Jour", "HeureDebut", "HeureFin", "Disponible") VALUES (118, 30, 2, '08:00:00', '10:00:00', 1::boolean);
INSERT INTO "Disponibilites" ("Id", "UtilisateurId", "Jour", "HeureDebut", "HeureFin", "Disponible") VALUES (119, 30, 2, '10:00:00', '12:00:00', 1::boolean);
INSERT INTO "Disponibilites" ("Id", "UtilisateurId", "Jour", "HeureDebut", "HeureFin", "Disponible") VALUES (120, 30, 2, '12:00:00', '14:00:00', 1::boolean);
INSERT INTO "Disponibilites" ("Id", "UtilisateurId", "Jour", "HeureDebut", "HeureFin", "Disponible") VALUES (121, 30, 2, '14:00:00', '16:00:00', 1::boolean);
INSERT INTO "Disponibilites" ("Id", "UtilisateurId", "Jour", "HeureDebut", "HeureFin", "Disponible") VALUES (122, 30, 2, '16:00:00', '18:00:00', 1::boolean);
INSERT INTO "Disponibilites" ("Id", "UtilisateurId", "Jour", "HeureDebut", "HeureFin", "Disponible") VALUES (123, 30, 3, '08:00:00', '10:00:00', 1::boolean);
INSERT INTO "Disponibilites" ("Id", "UtilisateurId", "Jour", "HeureDebut", "HeureFin", "Disponible") VALUES (124, 30, 3, '10:00:00', '12:00:00', 1::boolean);
INSERT INTO "Disponibilites" ("Id", "UtilisateurId", "Jour", "HeureDebut", "HeureFin", "Disponible") VALUES (125, 30, 3, '12:00:00', '14:00:00', 1::boolean);
INSERT INTO "Disponibilites" ("Id", "UtilisateurId", "Jour", "HeureDebut", "HeureFin", "Disponible") VALUES (126, 30, 3, '14:00:00', '16:00:00', 1::boolean);
INSERT INTO "Disponibilites" ("Id", "UtilisateurId", "Jour", "HeureDebut", "HeureFin", "Disponible") VALUES (127, 30, 3, '16:00:00', '18:00:00', 1::boolean);
INSERT INTO "Disponibilites" ("Id", "UtilisateurId", "Jour", "HeureDebut", "HeureFin", "Disponible") VALUES (128, 30, 4, '08:00:00', '10:00:00', 1::boolean);
INSERT INTO "Disponibilites" ("Id", "UtilisateurId", "Jour", "HeureDebut", "HeureFin", "Disponible") VALUES (129, 30, 4, '10:00:00', '12:00:00', 1::boolean);
INSERT INTO "Disponibilites" ("Id", "UtilisateurId", "Jour", "HeureDebut", "HeureFin", "Disponible") VALUES (130, 30, 4, '12:00:00', '14:00:00', 1::boolean);
INSERT INTO "Disponibilites" ("Id", "UtilisateurId", "Jour", "HeureDebut", "HeureFin", "Disponible") VALUES (131, 30, 4, '14:00:00', '16:00:00', 1::boolean);
INSERT INTO "Disponibilites" ("Id", "UtilisateurId", "Jour", "HeureDebut", "HeureFin", "Disponible") VALUES (132, 30, 4, '16:00:00', '18:00:00', 1::boolean);
INSERT INTO "Disponibilites" ("Id", "UtilisateurId", "Jour", "HeureDebut", "HeureFin", "Disponible") VALUES (133, 30, 5, '08:00:00', '10:00:00', 1::boolean);
INSERT INTO "Disponibilites" ("Id", "UtilisateurId", "Jour", "HeureDebut", "HeureFin", "Disponible") VALUES (134, 30, 5, '10:00:00', '12:00:00', 1::boolean);
INSERT INTO "Disponibilites" ("Id", "UtilisateurId", "Jour", "HeureDebut", "HeureFin", "Disponible") VALUES (135, 30, 5, '12:00:00', '14:00:00', 1::boolean);
INSERT INTO "Disponibilites" ("Id", "UtilisateurId", "Jour", "HeureDebut", "HeureFin", "Disponible") VALUES (136, 30, 5, '14:00:00', '16:00:00', 1::boolean);
INSERT INTO "Disponibilites" ("Id", "UtilisateurId", "Jour", "HeureDebut", "HeureFin", "Disponible") VALUES (137, 30, 5, '16:00:00', '18:00:00', 1::boolean);
INSERT INTO "Disponibilites" ("Id", "UtilisateurId", "Jour", "HeureDebut", "HeureFin", "Disponible") VALUES (138, 31, 1, '08:00:00', '10:00:00', 1::boolean);
INSERT INTO "Disponibilites" ("Id", "UtilisateurId", "Jour", "HeureDebut", "HeureFin", "Disponible") VALUES (139, 31, 1, '10:00:00', '12:00:00', 1::boolean);
INSERT INTO "Disponibilites" ("Id", "UtilisateurId", "Jour", "HeureDebut", "HeureFin", "Disponible") VALUES (140, 31, 1, '12:00:00', '14:00:00', 1::boolean);
INSERT INTO "Disponibilites" ("Id", "UtilisateurId", "Jour", "HeureDebut", "HeureFin", "Disponible") VALUES (141, 31, 1, '14:00:00', '16:00:00', 1::boolean);
INSERT INTO "Disponibilites" ("Id", "UtilisateurId", "Jour", "HeureDebut", "HeureFin", "Disponible") VALUES (142, 31, 1, '16:00:00', '18:00:00', 1::boolean);
INSERT INTO "Disponibilites" ("Id", "UtilisateurId", "Jour", "HeureDebut", "HeureFin", "Disponible") VALUES (143, 31, 2, '08:00:00', '10:00:00', 1::boolean);
INSERT INTO "Disponibilites" ("Id", "UtilisateurId", "Jour", "HeureDebut", "HeureFin", "Disponible") VALUES (144, 31, 2, '10:00:00', '12:00:00', 1::boolean);
INSERT INTO "Disponibilites" ("Id", "UtilisateurId", "Jour", "HeureDebut", "HeureFin", "Disponible") VALUES (145, 31, 2, '12:00:00', '14:00:00', 1::boolean);
INSERT INTO "Disponibilites" ("Id", "UtilisateurId", "Jour", "HeureDebut", "HeureFin", "Disponible") VALUES (146, 31, 2, '14:00:00', '16:00:00', 1::boolean);
INSERT INTO "Disponibilites" ("Id", "UtilisateurId", "Jour", "HeureDebut", "HeureFin", "Disponible") VALUES (147, 31, 2, '16:00:00', '18:00:00', 1::boolean);
INSERT INTO "Disponibilites" ("Id", "UtilisateurId", "Jour", "HeureDebut", "HeureFin", "Disponible") VALUES (148, 31, 3, '08:00:00', '10:00:00', 1::boolean);
INSERT INTO "Disponibilites" ("Id", "UtilisateurId", "Jour", "HeureDebut", "HeureFin", "Disponible") VALUES (149, 31, 3, '10:00:00', '12:00:00', 1::boolean);
INSERT INTO "Disponibilites" ("Id", "UtilisateurId", "Jour", "HeureDebut", "HeureFin", "Disponible") VALUES (150, 31, 3, '12:00:00', '14:00:00', 1::boolean);
INSERT INTO "Disponibilites" ("Id", "UtilisateurId", "Jour", "HeureDebut", "HeureFin", "Disponible") VALUES (151, 31, 3, '14:00:00', '16:00:00', 1::boolean);
INSERT INTO "Disponibilites" ("Id", "UtilisateurId", "Jour", "HeureDebut", "HeureFin", "Disponible") VALUES (152, 31, 3, '16:00:00', '18:00:00', 1::boolean);
INSERT INTO "Disponibilites" ("Id", "UtilisateurId", "Jour", "HeureDebut", "HeureFin", "Disponible") VALUES (153, 31, 4, '08:00:00', '10:00:00', 1::boolean);
INSERT INTO "Disponibilites" ("Id", "UtilisateurId", "Jour", "HeureDebut", "HeureFin", "Disponible") VALUES (154, 31, 4, '10:00:00', '12:00:00', 1::boolean);
INSERT INTO "Disponibilites" ("Id", "UtilisateurId", "Jour", "HeureDebut", "HeureFin", "Disponible") VALUES (155, 31, 4, '12:00:00', '14:00:00', 1::boolean);
INSERT INTO "Disponibilites" ("Id", "UtilisateurId", "Jour", "HeureDebut", "HeureFin", "Disponible") VALUES (156, 31, 4, '14:00:00', '16:00:00', 1::boolean);
INSERT INTO "Disponibilites" ("Id", "UtilisateurId", "Jour", "HeureDebut", "HeureFin", "Disponible") VALUES (157, 31, 4, '16:00:00', '18:00:00', 1::boolean);
INSERT INTO "Disponibilites" ("Id", "UtilisateurId", "Jour", "HeureDebut", "HeureFin", "Disponible") VALUES (158, 31, 5, '08:00:00', '10:00:00', 1::boolean);
INSERT INTO "Disponibilites" ("Id", "UtilisateurId", "Jour", "HeureDebut", "HeureFin", "Disponible") VALUES (159, 31, 5, '10:00:00', '12:00:00', 1::boolean);
INSERT INTO "Disponibilites" ("Id", "UtilisateurId", "Jour", "HeureDebut", "HeureFin", "Disponible") VALUES (160, 31, 5, '12:00:00', '14:00:00', 1::boolean);
INSERT INTO "Disponibilites" ("Id", "UtilisateurId", "Jour", "HeureDebut", "HeureFin", "Disponible") VALUES (161, 31, 5, '14:00:00', '16:00:00', 1::boolean);
INSERT INTO "Disponibilites" ("Id", "UtilisateurId", "Jour", "HeureDebut", "HeureFin", "Disponible") VALUES (162, 31, 5, '16:00:00', '18:00:00', 1::boolean);
INSERT INTO "Disponibilites" ("Id", "UtilisateurId", "Jour", "HeureDebut", "HeureFin", "Disponible") VALUES (163, 25, 1, '08:00:00', '10:00:00', 1::boolean);
INSERT INTO "Disponibilites" ("Id", "UtilisateurId", "Jour", "HeureDebut", "HeureFin", "Disponible") VALUES (164, 25, 1, '10:00:00', '12:00:00', 1::boolean);
INSERT INTO "Disponibilites" ("Id", "UtilisateurId", "Jour", "HeureDebut", "HeureFin", "Disponible") VALUES (165, 25, 1, '12:00:00', '14:00:00', 1::boolean);
INSERT INTO "Disponibilites" ("Id", "UtilisateurId", "Jour", "HeureDebut", "HeureFin", "Disponible") VALUES (166, 25, 1, '14:00:00', '16:00:00', 1::boolean);
INSERT INTO "Disponibilites" ("Id", "UtilisateurId", "Jour", "HeureDebut", "HeureFin", "Disponible") VALUES (167, 25, 1, '16:00:00', '18:00:00', 1::boolean);
INSERT INTO "Disponibilites" ("Id", "UtilisateurId", "Jour", "HeureDebut", "HeureFin", "Disponible") VALUES (168, 25, 2, '08:00:00', '10:00:00', 1::boolean);
INSERT INTO "Disponibilites" ("Id", "UtilisateurId", "Jour", "HeureDebut", "HeureFin", "Disponible") VALUES (169, 25, 2, '10:00:00', '12:00:00', 1::boolean);
INSERT INTO "Disponibilites" ("Id", "UtilisateurId", "Jour", "HeureDebut", "HeureFin", "Disponible") VALUES (170, 25, 2, '12:00:00', '14:00:00', 1::boolean);
INSERT INTO "Disponibilites" ("Id", "UtilisateurId", "Jour", "HeureDebut", "HeureFin", "Disponible") VALUES (171, 25, 2, '14:00:00', '16:00:00', 1::boolean);
INSERT INTO "Disponibilites" ("Id", "UtilisateurId", "Jour", "HeureDebut", "HeureFin", "Disponible") VALUES (172, 25, 2, '16:00:00', '18:00:00', 1::boolean);
INSERT INTO "Disponibilites" ("Id", "UtilisateurId", "Jour", "HeureDebut", "HeureFin", "Disponible") VALUES (173, 25, 3, '08:00:00', '10:00:00', 1::boolean);
INSERT INTO "Disponibilites" ("Id", "UtilisateurId", "Jour", "HeureDebut", "HeureFin", "Disponible") VALUES (174, 25, 3, '10:00:00', '12:00:00', 1::boolean);
INSERT INTO "Disponibilites" ("Id", "UtilisateurId", "Jour", "HeureDebut", "HeureFin", "Disponible") VALUES (175, 25, 3, '12:00:00', '14:00:00', 1::boolean);
INSERT INTO "Disponibilites" ("Id", "UtilisateurId", "Jour", "HeureDebut", "HeureFin", "Disponible") VALUES (176, 25, 3, '14:00:00', '16:00:00', 1::boolean);
INSERT INTO "Disponibilites" ("Id", "UtilisateurId", "Jour", "HeureDebut", "HeureFin", "Disponible") VALUES (177, 25, 3, '16:00:00', '18:00:00', 1::boolean);
INSERT INTO "Disponibilites" ("Id", "UtilisateurId", "Jour", "HeureDebut", "HeureFin", "Disponible") VALUES (178, 25, 4, '08:00:00', '10:00:00', 1::boolean);
INSERT INTO "Disponibilites" ("Id", "UtilisateurId", "Jour", "HeureDebut", "HeureFin", "Disponible") VALUES (179, 25, 4, '10:00:00', '12:00:00', 1::boolean);
INSERT INTO "Disponibilites" ("Id", "UtilisateurId", "Jour", "HeureDebut", "HeureFin", "Disponible") VALUES (180, 25, 4, '12:00:00', '14:00:00', 1::boolean);
INSERT INTO "Disponibilites" ("Id", "UtilisateurId", "Jour", "HeureDebut", "HeureFin", "Disponible") VALUES (181, 25, 4, '14:00:00', '16:00:00', 1::boolean);
INSERT INTO "Disponibilites" ("Id", "UtilisateurId", "Jour", "HeureDebut", "HeureFin", "Disponible") VALUES (182, 25, 4, '16:00:00', '18:00:00', 1::boolean);
INSERT INTO "Disponibilites" ("Id", "UtilisateurId", "Jour", "HeureDebut", "HeureFin", "Disponible") VALUES (183, 25, 5, '08:00:00', '10:00:00', 1::boolean);
INSERT INTO "Disponibilites" ("Id", "UtilisateurId", "Jour", "HeureDebut", "HeureFin", "Disponible") VALUES (184, 25, 5, '10:00:00', '12:00:00', 1::boolean);
INSERT INTO "Disponibilites" ("Id", "UtilisateurId", "Jour", "HeureDebut", "HeureFin", "Disponible") VALUES (185, 25, 5, '12:00:00', '14:00:00', 1::boolean);
INSERT INTO "Disponibilites" ("Id", "UtilisateurId", "Jour", "HeureDebut", "HeureFin", "Disponible") VALUES (186, 25, 5, '14:00:00', '16:00:00', 1::boolean);
INSERT INTO "Disponibilites" ("Id", "UtilisateurId", "Jour", "HeureDebut", "HeureFin", "Disponible") VALUES (187, 25, 5, '16:00:00', '18:00:00', 1::boolean);
INSERT INTO "Disponibilites" ("Id", "UtilisateurId", "Jour", "HeureDebut", "HeureFin", "Disponible") VALUES (188, 34, 1, '08:00:00', '10:00:00', 1::boolean);
INSERT INTO "Disponibilites" ("Id", "UtilisateurId", "Jour", "HeureDebut", "HeureFin", "Disponible") VALUES (189, 34, 1, '10:00:00', '12:00:00', 1::boolean);
INSERT INTO "Disponibilites" ("Id", "UtilisateurId", "Jour", "HeureDebut", "HeureFin", "Disponible") VALUES (190, 34, 1, '12:00:00', '14:00:00', 1::boolean);
INSERT INTO "Disponibilites" ("Id", "UtilisateurId", "Jour", "HeureDebut", "HeureFin", "Disponible") VALUES (191, 34, 1, '14:00:00', '16:00:00', 1::boolean);
INSERT INTO "Disponibilites" ("Id", "UtilisateurId", "Jour", "HeureDebut", "HeureFin", "Disponible") VALUES (192, 34, 1, '16:00:00', '18:00:00', 1::boolean);
INSERT INTO "Disponibilites" ("Id", "UtilisateurId", "Jour", "HeureDebut", "HeureFin", "Disponible") VALUES (193, 34, 2, '08:00:00', '10:00:00', 1::boolean);
INSERT INTO "Disponibilites" ("Id", "UtilisateurId", "Jour", "HeureDebut", "HeureFin", "Disponible") VALUES (194, 34, 2, '10:00:00', '12:00:00', 1::boolean);
INSERT INTO "Disponibilites" ("Id", "UtilisateurId", "Jour", "HeureDebut", "HeureFin", "Disponible") VALUES (195, 34, 2, '12:00:00', '14:00:00', 1::boolean);
INSERT INTO "Disponibilites" ("Id", "UtilisateurId", "Jour", "HeureDebut", "HeureFin", "Disponible") VALUES (196, 34, 2, '14:00:00', '16:00:00', 1::boolean);
INSERT INTO "Disponibilites" ("Id", "UtilisateurId", "Jour", "HeureDebut", "HeureFin", "Disponible") VALUES (197, 34, 2, '16:00:00', '18:00:00', 1::boolean);
INSERT INTO "Disponibilites" ("Id", "UtilisateurId", "Jour", "HeureDebut", "HeureFin", "Disponible") VALUES (198, 34, 3, '08:00:00', '10:00:00', 1::boolean);
INSERT INTO "Disponibilites" ("Id", "UtilisateurId", "Jour", "HeureDebut", "HeureFin", "Disponible") VALUES (199, 34, 3, '10:00:00', '12:00:00', 1::boolean);
INSERT INTO "Disponibilites" ("Id", "UtilisateurId", "Jour", "HeureDebut", "HeureFin", "Disponible") VALUES (200, 34, 3, '12:00:00', '14:00:00', 1::boolean);
INSERT INTO "Disponibilites" ("Id", "UtilisateurId", "Jour", "HeureDebut", "HeureFin", "Disponible") VALUES (201, 34, 3, '14:00:00', '16:00:00', 1::boolean);
INSERT INTO "Disponibilites" ("Id", "UtilisateurId", "Jour", "HeureDebut", "HeureFin", "Disponible") VALUES (202, 34, 3, '16:00:00', '18:00:00', 1::boolean);
INSERT INTO "Disponibilites" ("Id", "UtilisateurId", "Jour", "HeureDebut", "HeureFin", "Disponible") VALUES (203, 34, 4, '08:00:00', '10:00:00', 1::boolean);
INSERT INTO "Disponibilites" ("Id", "UtilisateurId", "Jour", "HeureDebut", "HeureFin", "Disponible") VALUES (204, 34, 4, '10:00:00', '12:00:00', 1::boolean);
INSERT INTO "Disponibilites" ("Id", "UtilisateurId", "Jour", "HeureDebut", "HeureFin", "Disponible") VALUES (205, 34, 4, '12:00:00', '14:00:00', 1::boolean);
INSERT INTO "Disponibilites" ("Id", "UtilisateurId", "Jour", "HeureDebut", "HeureFin", "Disponible") VALUES (206, 34, 4, '14:00:00', '16:00:00', 1::boolean);
INSERT INTO "Disponibilites" ("Id", "UtilisateurId", "Jour", "HeureDebut", "HeureFin", "Disponible") VALUES (207, 34, 4, '16:00:00', '18:00:00', 1::boolean);
INSERT INTO "Disponibilites" ("Id", "UtilisateurId", "Jour", "HeureDebut", "HeureFin", "Disponible") VALUES (208, 34, 5, '08:00:00', '10:00:00', 1::boolean);
INSERT INTO "Disponibilites" ("Id", "UtilisateurId", "Jour", "HeureDebut", "HeureFin", "Disponible") VALUES (209, 34, 5, '10:00:00', '12:00:00', 1::boolean);
INSERT INTO "Disponibilites" ("Id", "UtilisateurId", "Jour", "HeureDebut", "HeureFin", "Disponible") VALUES (210, 34, 5, '12:00:00', '14:00:00', 1::boolean);
INSERT INTO "Disponibilites" ("Id", "UtilisateurId", "Jour", "HeureDebut", "HeureFin", "Disponible") VALUES (211, 34, 5, '14:00:00', '16:00:00', 1::boolean);
INSERT INTO "Disponibilites" ("Id", "UtilisateurId", "Jour", "HeureDebut", "HeureFin", "Disponible") VALUES (212, 34, 5, '16:00:00', '18:00:00', 1::boolean);
INSERT INTO "Disponibilites" ("Id", "UtilisateurId", "Jour", "HeureDebut", "HeureFin", "Disponible") VALUES (213, 32, 1, '08:00:00', '10:00:00', 1::boolean);
INSERT INTO "Disponibilites" ("Id", "UtilisateurId", "Jour", "HeureDebut", "HeureFin", "Disponible") VALUES (214, 32, 1, '10:00:00', '12:00:00', 1::boolean);
INSERT INTO "Disponibilites" ("Id", "UtilisateurId", "Jour", "HeureDebut", "HeureFin", "Disponible") VALUES (215, 32, 1, '12:00:00', '14:00:00', 1::boolean);
INSERT INTO "Disponibilites" ("Id", "UtilisateurId", "Jour", "HeureDebut", "HeureFin", "Disponible") VALUES (216, 32, 1, '14:00:00', '16:00:00', 1::boolean);
INSERT INTO "Disponibilites" ("Id", "UtilisateurId", "Jour", "HeureDebut", "HeureFin", "Disponible") VALUES (217, 32, 1, '16:00:00', '18:00:00', 1::boolean);
INSERT INTO "Disponibilites" ("Id", "UtilisateurId", "Jour", "HeureDebut", "HeureFin", "Disponible") VALUES (218, 32, 2, '08:00:00', '10:00:00', 1::boolean);
INSERT INTO "Disponibilites" ("Id", "UtilisateurId", "Jour", "HeureDebut", "HeureFin", "Disponible") VALUES (219, 32, 2, '10:00:00', '12:00:00', 1::boolean);
INSERT INTO "Disponibilites" ("Id", "UtilisateurId", "Jour", "HeureDebut", "HeureFin", "Disponible") VALUES (220, 32, 2, '12:00:00', '14:00:00', 1::boolean);
INSERT INTO "Disponibilites" ("Id", "UtilisateurId", "Jour", "HeureDebut", "HeureFin", "Disponible") VALUES (221, 32, 2, '14:00:00', '16:00:00', 1::boolean);
INSERT INTO "Disponibilites" ("Id", "UtilisateurId", "Jour", "HeureDebut", "HeureFin", "Disponible") VALUES (222, 32, 2, '16:00:00', '18:00:00', 1::boolean);
INSERT INTO "Disponibilites" ("Id", "UtilisateurId", "Jour", "HeureDebut", "HeureFin", "Disponible") VALUES (223, 32, 3, '08:00:00', '10:00:00', 1::boolean);
INSERT INTO "Disponibilites" ("Id", "UtilisateurId", "Jour", "HeureDebut", "HeureFin", "Disponible") VALUES (224, 32, 3, '10:00:00', '12:00:00', 1::boolean);
INSERT INTO "Disponibilites" ("Id", "UtilisateurId", "Jour", "HeureDebut", "HeureFin", "Disponible") VALUES (225, 32, 3, '12:00:00', '14:00:00', 1::boolean);
INSERT INTO "Disponibilites" ("Id", "UtilisateurId", "Jour", "HeureDebut", "HeureFin", "Disponible") VALUES (226, 32, 3, '14:00:00', '16:00:00', 1::boolean);
INSERT INTO "Disponibilites" ("Id", "UtilisateurId", "Jour", "HeureDebut", "HeureFin", "Disponible") VALUES (227, 32, 3, '16:00:00', '18:00:00', 1::boolean);
INSERT INTO "Disponibilites" ("Id", "UtilisateurId", "Jour", "HeureDebut", "HeureFin", "Disponible") VALUES (228, 32, 4, '08:00:00', '10:00:00', 1::boolean);
INSERT INTO "Disponibilites" ("Id", "UtilisateurId", "Jour", "HeureDebut", "HeureFin", "Disponible") VALUES (229, 32, 4, '10:00:00', '12:00:00', 1::boolean);
INSERT INTO "Disponibilites" ("Id", "UtilisateurId", "Jour", "HeureDebut", "HeureFin", "Disponible") VALUES (230, 32, 4, '12:00:00', '14:00:00', 1::boolean);
INSERT INTO "Disponibilites" ("Id", "UtilisateurId", "Jour", "HeureDebut", "HeureFin", "Disponible") VALUES (231, 32, 4, '14:00:00', '16:00:00', 1::boolean);
INSERT INTO "Disponibilites" ("Id", "UtilisateurId", "Jour", "HeureDebut", "HeureFin", "Disponible") VALUES (232, 32, 4, '16:00:00', '18:00:00', 1::boolean);
INSERT INTO "Disponibilites" ("Id", "UtilisateurId", "Jour", "HeureDebut", "HeureFin", "Disponible") VALUES (233, 32, 5, '10:00:00', '12:00:00', 1::boolean);
INSERT INTO "Disponibilites" ("Id", "UtilisateurId", "Jour", "HeureDebut", "HeureFin", "Disponible") VALUES (234, 32, 5, '12:00:00', '14:00:00', 1::boolean);
INSERT INTO "Disponibilites" ("Id", "UtilisateurId", "Jour", "HeureDebut", "HeureFin", "Disponible") VALUES (235, 32, 5, '14:00:00', '16:00:00', 1::boolean);
INSERT INTO "Disponibilites" ("Id", "UtilisateurId", "Jour", "HeureDebut", "HeureFin", "Disponible") VALUES (236, 32, 5, '16:00:00', '18:00:00', 1::boolean);
SELECT setval(pg_get_serial_sequence('"Departements"', 'Id'), coalesce(max("Id"), 1), max("Id") IS NOT null) FROM "Departements";
SELECT setval(pg_get_serial_sequence('"Utilisateurs"', 'Id'), coalesce(max("Id"), 1), max("Id") IS NOT null) FROM "Utilisateurs";
SELECT setval(pg_get_serial_sequence('"Groupes"', 'Id'), coalesce(max("Id"), 1), max("Id") IS NOT null) FROM "Groupes";
SELECT setval(pg_get_serial_sequence('"Salles"', 'Id'), coalesce(max("Id"), 1), max("Id") IS NOT null) FROM "Salles";
SELECT setval(pg_get_serial_sequence('"Cours"', 'Id'), coalesce(max("Id"), 1), max("Id") IS NOT null) FROM "Cours";
SELECT setval(pg_get_serial_sequence('"Demandes"', 'Id'), coalesce(max("Id"), 1), max("Id") IS NOT null) FROM "Demandes";
SELECT setval(pg_get_serial_sequence('"Disponibilites"', 'Id'), coalesce(max("Id"), 1), max("Id") IS NOT null) FROM "Disponibilites";
COMMIT;
